Date,Sensor Glucose (mmol/L),
09/01/2022 01:57,16,
09/01/2022 02:02,16.1,
09/01/2022 02:07,15.8,
09/01/2022 02:12,15.2,
09/01/2022 02:17,15,
09/01/2022 02:22,14.9,
09/01/2022 02:27,15,
09/01/2022 02:32,15.3,
09/01/2022 02:37,15.3,
09/01/2022 02:42,15.2,
09/01/2022 02:47,15.2,
09/01/2022 02:52,15.4,
09/01/2022 02:57,15.5,
09/01/2022 03:02,15.6,
09/01/2022 03:07,15.5,
09/01/2022 03:12,15.4,
09/01/2022 03:17,14.9,
09/01/2022 03:22,14.2,
09/01/2022 03:27,14.1,
09/01/2022 03:32,14.2,
09/01/2022 03:37,14.5,
09/01/2022 03:42,14.7,
09/01/2022 03:47,14.6,
09/01/2022 03:52,14.7,
09/01/2022 03:57,14.7,
09/01/2022 04:02,14.9,
09/01/2022 04:07,15.1,
09/01/2022 04:12,15.2,
09/01/2022 04:17,15.3,
09/01/2022 04:22,15.2,
09/01/2022 04:27,15.2,
09/01/2022 04:32,15.2,
09/01/2022 04:37,15.4,
09/01/2022 04:42,15.6,
09/01/2022 04:47,15.9,
09/01/2022 04:52,16.1,
09/01/2022 04:57,16.3,
09/01/2022 05:02,16,
09/01/2022 05:07,15.3,
09/01/2022 05:12,14.5,
09/01/2022 05:17,14.4,
09/01/2022 05:22,14.8,
09/01/2022 05:27,15,
09/01/2022 05:32,15.1,
09/01/2022 05:37,14.9,
09/01/2022 05:42,14.3,
09/01/2022 05:47,14.2,
09/01/2022 05:52,14,
09/01/2022 05:57,13.8,
09/01/2022 06:02,13.5,
09/01/2022 06:07,13.1,
09/01/2022 06:12,12.7,
09/01/2022 06:17,12.3,
09/01/2022 06:22,11.9,
09/01/2022 06:27,11.5,
09/01/2022 06:32,11.2,
09/01/2022 06:37,10.9,
09/01/2022 06:42,10.5,
09/01/2022 06:47,8.5,
09/01/2022 06:52,8.3,
09/01/2022 06:57,8,
09/01/2022 07:02,7.7,
09/01/2022 07:07,7.1,
09/01/2022 07:12,6.7,
09/01/2022 07:27,6.3,
09/01/2022 07:32,5.9,
09/01/2022 07:37,5.8,
09/01/2022 07:42,5.7,
09/01/2022 07:47,5.7,
09/01/2022 07:52,5.5,
09/01/2022 07:57,5.5,
09/01/2022 08:02,5.7,
09/01/2022 08:07,6,
09/01/2022 08:12,6.6,
09/01/2022 08:17,7.3,
09/01/2022 08:22,7.6,
09/01/2022 08:27,7.6,
09/01/2022 08:32,7.5,
09/01/2022 08:37,7.2,
09/01/2022 08:42,6.9,
09/01/2022 08:47,6.3,
09/01/2022 08:52,5.7,
09/01/2022 08:57,5.4,
09/01/2022 09:02,5.4,
09/01/2022 09:07,5.9,
09/01/2022 09:12,6.5,
09/01/2022 09:17,7.7,
09/01/2022 09:22,8.4,
09/01/2022 09:27,9.5,
09/01/2022 09:32,10,
09/01/2022 09:37,10.3,
09/01/2022 09:42,10.7,
09/01/2022 09:47,10.3,
09/01/2022 09:52,10.3,
09/01/2022 10:02,9.4,
09/01/2022 10:07,8.8,
09/01/2022 10:12,8.4,
09/01/2022 10:22,8.2,
09/01/2022 10:27,7.3,
09/01/2022 10:27,7.7,
09/01/2022 10:37,6.8,
09/01/2022 10:42,6.5,
09/01/2022 10:47,6.4,
09/01/2022 10:52,6.4,
09/01/2022 11:02,6.4,
09/01/2022 11:07,6.4,
09/01/2022 11:12,6.6,
09/01/2022 11:17,6.9,
09/01/2022 11:22,7.7,
09/01/2022 11:27,8.4,
09/01/2022 11:32,8.9,
09/01/2022 11:37,9.5,
09/01/2022 11:42,10.2,
09/01/2022 11:47,10.7,
09/01/2022 11:52,11.2,
09/01/2022 11:57,11.7,
09/01/2022 12:02,12.4,
09/01/2022 12:07,12.8,
09/01/2022 12:12,12.6,
09/01/2022 12:17,12.8,
09/01/2022 12:22,13.4,
09/01/2022 12:27,13.7,
09/01/2022 12:32,13.9,
09/01/2022 12:37,13.5,
09/01/2022 12:42,13,
09/01/2022 12:47,12.8,
09/01/2022 12:52,12.8,
09/01/2022 12:57,12.7,
09/01/2022 13:02,12.9,
09/01/2022 13:07,12.9,
09/01/2022 13:12,12.9,
09/01/2022 13:17,12.9,
09/01/2022 13:22,12.7,
09/01/2022 13:27,12.2,
09/01/2022 13:32,11.4,
09/01/2022 13:37,10.9,
09/01/2022 13:42,10.8,
09/01/2022 13:47,10.4,
09/01/2022 13:52,10,
09/01/2022 13:57,9.7,
09/01/2022 14:02,9.2,
09/01/2022 14:07,8.6,
09/01/2022 14:12,8.5,
09/01/2022 14:17,8,
09/01/2022 14:22,7.2,
09/01/2022 14:27,6.8,
09/01/2022 14:32,6.3,
09/01/2022 14:37,6.2,
09/01/2022 14:42,6.4,
09/01/2022 14:47,6.7,
09/01/2022 14:52,7,
09/01/2022 14:57,7.7,
09/01/2022 15:02,8.3,
09/01/2022 15:07,8.8,
09/01/2022 15:12,9,
09/01/2022 15:17,9,
09/01/2022 15:22,8.4,
09/01/2022 15:27,7.7,
09/01/2022 15:32,7.3,
09/01/2022 15:37,6.8,
09/01/2022 15:42,6.7,
09/01/2022 15:47,6.7,
09/01/2022 15:52,6.8,
09/01/2022 15:57,7,
09/01/2022 16:02,7.2,
09/01/2022 16:07,7.8,
09/01/2022 16:12,8.5,
09/01/2022 16:17,9.1,
09/01/2022 16:22,9.4,
09/01/2022 16:27,9.8,
09/01/2022 16:32,10.1,
09/01/2022 16:37,10,
09/01/2022 16:42,9.8,
09/01/2022 16:47,9.7,
09/01/2022 16:52,9.7,
09/01/2022 16:57,9.8,
09/01/2022 17:02,9.9,
09/01/2022 17:07,9.7,
09/01/2022 17:12,8.9,
09/01/2022 17:17,8.3,
09/01/2022 17:22,7.8,
09/01/2022 17:27,7.5,
09/01/2022 17:32,7.2,
09/01/2022 17:37,6.8,
09/01/2022 17:42,6.2,
09/01/2022 17:47,5.7,
09/01/2022 17:52,5.6,
09/01/2022 17:57,5.5,
09/01/2022 18:02,6.1,
09/01/2022 18:07,6.6,
09/01/2022 18:12,7.5,
09/01/2022 18:17,8.2,
09/01/2022 18:22,8.6,
09/01/2022 18:27,8.9,
09/01/2022 18:32,8.8,
09/01/2022 18:37,8.3,
09/01/2022 18:42,8,
09/01/2022 18:47,7.8,
09/01/2022 18:52,7.5,
09/01/2022 18:57,7,
09/01/2022 19:02,6.2,
09/01/2022 19:07,6.4,
09/01/2022 19:12,6.7,
09/01/2022 19:17,6.7,
09/01/2022 19:22,6.6,
09/01/2022 19:27,6.7,
09/01/2022 19:57,6.8,
09/01/2022 20:02,6.8,
09/01/2022 20:07,6.7,
09/01/2022 20:12,6.7,
09/01/2022 20:17,7,
09/01/2022 20:22,7.7,
09/01/2022 20:27,8.4,
09/01/2022 20:32,8.6,
09/01/2022 20:37,8.5,
09/01/2022 20:42,7.9,
09/01/2022 20:47,7.5,
09/01/2022 20:52,7.5,
09/01/2022 20:57,7.7,
09/01/2022 21:02,7.9,
09/01/2022 21:07,8.3,
09/01/2022 21:12,9,
09/01/2022 21:17,9.8,
09/01/2022 21:22,10.5,
09/01/2022 21:27,11.2,
09/01/2022 21:32,11.8,
09/01/2022 21:37,12.3,
09/01/2022 21:42,12.8,
09/01/2022 21:47,13.2,
09/01/2022 21:52,13.4,
09/01/2022 21:57,13.7,
09/01/2022 22:02,14.2,
09/01/2022 22:07,14.6,
09/01/2022 22:12,14.7,
09/01/2022 22:17,14.8,
09/01/2022 22:22,15,
09/01/2022 22:27,14.8,
09/01/2022 22:32,14.5,
09/01/2022 22:37,14.5,
09/01/2022 22:42,14.5,
09/01/2022 22:47,14.6,
09/01/2022 22:52,14.9,
09/01/2022 22:57,15.3,
09/01/2022 23:02,15.8,
09/01/2022 23:07,16.2,
09/01/2022 23:12,16.4,
09/01/2022 23:17,16.5,
09/01/2022 23:22,16.4,
09/01/2022 23:27,16.2,
09/01/2022 23:32,16,
09/01/2022 23:37,15.7,
09/01/2022 23:42,15.1,
09/01/2022 23:47,14.7,
09/01/2022 23:52,14.5,
09/01/2022 23:57,14.8,
09/02/2022 00:02,15,
09/02/2022 00:07,15.1,
09/02/2022 00:12,15.2,
09/02/2022 00:17,15.3,
09/02/2022 00:27,15.3,
09/02/2022 00:32,15,
09/02/2022 00:37,14.8,
09/02/2022 00:42,14.8,
09/02/2022 00:47,14.9,
09/02/2022 00:52,14.8,
09/02/2022 00:57,14.7,
09/02/2022 01:02,14.8,
09/02/2022 01:07,14.8,
09/02/2022 01:12,14.8,
09/02/2022 01:17,14.6,
09/02/2022 01:22,14.4,
09/02/2022 01:27,14.4,
09/02/2022 01:32,14.4,
09/02/2022 01:37,14.3,
09/02/2022 01:42,14.3,
09/02/2022 01:47,14.2,
09/02/2022 01:52,14.2,
09/02/2022 01:57,14,
09/02/2022 02:02,14,
09/02/2022 02:07,13.8,
09/02/2022 02:12,13.6,
09/02/2022 02:17,13.3,
09/02/2022 02:22,13.1,
09/02/2022 02:27,12.8,
09/02/2022 02:32,12.4,
09/02/2022 02:37,11.7,
09/02/2022 02:42,11.9,
09/02/2022 02:47,12.2,
09/02/2022 02:52,12.4,
09/02/2022 02:57,12.6,
09/02/2022 03:02,12.5,
09/02/2022 03:07,12.5,
09/02/2022 03:12,12.4,
09/02/2022 03:17,12.3,
09/02/2022 03:22,12.2,
09/02/2022 03:27,12.2,
09/02/2022 03:32,12.2,
09/02/2022 03:37,12.3,
09/02/2022 03:42,12.2,
09/02/2022 03:47,11.8,
09/02/2022 03:52,11.7,
09/02/2022 03:57,11.6,
09/02/2022 04:02,11.7,
09/02/2022 04:07,11.8,
09/02/2022 04:12,11.8,
09/02/2022 04:17,11.8,
09/02/2022 04:22,11.8,
09/02/2022 04:27,11.6,
09/02/2022 04:32,11.6,
09/02/2022 04:37,11.7,
09/02/2022 04:42,11.8,
09/02/2022 04:47,11.9,
09/02/2022 04:52,11.9,
09/02/2022 04:57,11.9,
09/02/2022 05:02,11.9,
09/02/2022 05:07,11.9,
09/02/2022 05:12,11.8,
09/02/2022 05:17,11.7,
09/02/2022 05:22,11.8,
09/02/2022 05:27,11.9,
09/02/2022 05:32,12.1,
09/02/2022 05:37,12.3,
09/02/2022 05:42,12.4,
09/02/2022 05:47,12.3,
09/02/2022 05:52,12,
09/02/2022 05:57,11.9,
09/02/2022 06:02,11.8,
09/02/2022 06:07,11.9,
09/02/2022 06:12,12,
09/02/2022 06:17,12.2,
09/02/2022 06:22,12.3,
09/02/2022 06:27,12.4,
09/02/2022 06:32,12.8,
09/02/2022 06:37,12.8,
09/02/2022 06:42,12.8,
09/02/2022 06:47,12.6,
09/02/2022 06:52,12.3,
09/02/2022 06:57,11.9,
09/02/2022 07:02,11.6,
09/02/2022 07:07,11.1,
09/02/2022 07:12,10.5,
09/02/2022 07:17,10.1,
09/02/2022 07:22,9.8,
09/02/2022 07:27,9.5,
09/02/2022 07:32,9.2,
09/02/2022 07:37,8.8,
09/02/2022 07:42,8.4,
09/02/2022 07:47,8.1,
09/02/2022 07:52,8,
09/02/2022 07:57,8.1,
09/02/2022 08:02,8.4,
09/02/2022 08:07,8.8,
09/02/2022 08:12,9.8,
09/02/2022 08:17,9.9,
09/02/2022 08:22,10.3,
09/02/2022 08:27,10.6,
09/02/2022 08:32,10.7,
09/02/2022 08:37,10.7,
09/02/2022 08:42,10.7,
09/02/2022 08:47,10.9,
09/02/2022 08:52,11.5,
09/02/2022 08:57,12.3,
09/02/2022 09:02,12.8,
09/02/2022 09:07,13.4,
09/02/2022 09:12,14.3,
09/02/2022 09:17,14.7,
09/02/2022 09:22,16,
09/02/2022 09:27,16.6,
09/02/2022 09:32,16.8,
09/02/2022 09:37,17.2,
09/02/2022 09:42,17.5,
09/02/2022 09:47,17.8,
09/02/2022 09:57,17.7,
09/02/2022 10:02,17.7,
09/02/2022 10:07,17.6,
09/02/2022 10:12,17.5,
09/02/2022 10:17,18,
09/02/2022 10:22,18,
09/02/2022 10:27,17.5,
09/02/2022 10:27,17.8,
09/02/2022 10:32,17,
09/02/2022 10:37,16.5,
09/02/2022 10:47,16.1,
09/02/2022 10:52,15.1,
09/02/2022 10:57,15,
09/02/2022 11:02,14.7,
09/02/2022 11:07,14.2,
09/02/2022 11:12,13.7,
09/02/2022 11:17,13.3,
09/02/2022 11:27,13,
09/02/2022 11:32,12.7,
09/02/2022 11:37,12.4,
09/02/2022 11:42,12,
09/02/2022 11:47,11.6,
09/02/2022 11:52,11.1,
09/02/2022 11:57,10,
09/02/2022 12:02,9.8,
09/02/2022 12:07,9,
09/02/2022 12:12,8.4,
09/02/2022 12:17,8.3,
09/02/2022 12:22,8,
09/02/2022 12:27,8.6,
09/02/2022 12:32,9.2,
09/02/2022 12:37,9.7,
09/02/2022 12:42,10,
09/02/2022 12:47,10.2,
09/02/2022 12:52,10.5,
09/02/2022 12:57,10.8,
09/02/2022 13:02,11,
09/02/2022 13:07,11.3,
09/02/2022 13:12,11.5,
09/02/2022 13:17,11.8,
09/02/2022 13:22,12,
09/02/2022 13:27,12,
09/02/2022 13:32,11.8,
09/02/2022 13:37,11.8,
09/02/2022 13:42,11.8,
09/02/2022 13:47,12.2,
09/02/2022 13:52,12.6,
09/02/2022 13:57,12.5,
09/02/2022 14:02,12.2,
09/02/2022 14:07,11.7,
09/02/2022 14:12,10.8,
09/02/2022 14:17,10.3,
09/02/2022 14:22,9.9,
09/02/2022 14:27,9.6,
09/02/2022 14:32,9.7,
09/02/2022 14:37,9.8,
09/02/2022 14:42,10,
09/02/2022 14:47,10.4,
09/02/2022 14:52,11.3,
09/02/2022 14:57,11.9,
09/02/2022 15:02,12.2,
09/02/2022 15:07,12.5,
09/02/2022 15:12,12.8,
09/02/2022 15:17,12.7,
09/02/2022 15:22,12.8,
09/02/2022 15:27,13.1,
09/02/2022 15:32,13.7,
09/02/2022 15:37,14.1,
09/02/2022 15:42,14.5,
09/02/2022 15:47,14.9,
09/02/2022 15:52,15.4,
09/02/2022 15:57,15.5,
09/02/2022 16:02,15.2,
09/02/2022 16:07,14.7,
09/02/2022 16:12,14.5,
09/02/2022 16:17,14.2,
09/02/2022 16:22,13.5,
09/02/2022 16:27,13.3,
09/02/2022 16:32,13.1,
09/02/2022 16:37,12.7,
09/02/2022 16:42,12.3,
09/02/2022 16:47,12.3,
09/02/2022 16:52,12,
09/02/2022 16:57,11.7,
09/02/2022 17:02,11.2,
09/02/2022 17:07,11,
09/02/2022 17:12,11.2,
09/02/2022 17:17,11.6,
09/02/2022 17:22,12,
09/02/2022 17:27,12.4,
09/02/2022 17:32,12.9,
09/02/2022 17:37,13,
09/02/2022 17:42,12.9,
09/02/2022 17:47,12.9,
09/02/2022 17:52,12.7,
09/02/2022 17:57,12.3,
09/02/2022 18:02,12,
09/02/2022 18:07,11.6,
09/02/2022 18:12,11.2,
09/02/2022 18:12,11.3,
09/02/2022 18:17,11.1,
09/02/2022 18:27,10.9,
09/02/2022 18:32,11.1,
09/02/2022 18:37,11.4,
09/02/2022 18:42,12.1,
09/02/2022 18:47,12.9,
09/02/2022 18:52,13.3,
09/02/2022 18:57,13.8,
09/02/2022 19:02,14.5,
09/02/2022 19:07,14.9,
09/02/2022 19:12,15.4,
09/02/2022 19:17,15.8,
09/02/2022 19:22,16.2,
09/02/2022 19:27,15.1,
09/02/2022 19:32,15.3,
09/02/2022 19:37,14.3,
09/02/2022 19:42,13.7,
09/02/2022 19:47,13.4,
09/02/2022 19:52,12.9,
09/02/2022 20:22,12.4,
09/02/2022 20:27,11.9,
09/02/2022 20:42,11.4,
09/02/2022 20:47,10.7,
09/02/2022 20:52,9.7,
09/02/2022 20:57,9.5,
09/02/2022 21:02,9.1,
09/02/2022 21:07,9.3,
09/02/2022 21:12,9.5,
09/02/2022 21:17,9.4,
09/02/2022 21:22,9,
09/02/2022 21:27,8.5,
09/02/2022 21:32,8.8,
09/02/2022 21:37,9.2,
09/02/2022 21:42,9.8,
09/02/2022 21:47,10.6,
09/02/2022 21:52,11,
09/02/2022 21:57,11.3,
09/02/2022 22:02,11.6,
09/02/2022 22:07,11.8,
09/02/2022 22:12,11.8,
09/02/2022 22:17,11.8,
09/02/2022 22:22,12,
09/02/2022 22:27,11.9,
09/02/2022 22:32,11.5,
09/02/2022 22:37,11.2,
09/02/2022 22:42,10.9,
09/02/2022 22:47,10.8,
09/02/2022 22:52,10.8,
09/02/2022 22:57,10.7,
09/02/2022 23:02,10.5,
09/02/2022 23:07,10.4,
09/02/2022 23:12,10.3,
09/02/2022 23:17,10.2,
09/02/2022 23:22,10.1,
09/02/2022 23:27,10.1,
09/02/2022 23:32,10.1,
09/02/2022 23:37,10.1,
09/02/2022 23:42,10,
09/02/2022 23:47,10,
09/02/2022 23:52,10,
09/02/2022 23:57,10,
09/03/2022 00:02,10,
09/03/2022 00:07,9.9,
09/03/2022 00:12,9.7,
09/03/2022 00:17,9.5,
09/03/2022 00:22,9.3,
09/03/2022 00:27,9.2,
09/03/2022 00:32,9.1,
09/03/2022 00:37,9.2,
09/03/2022 00:42,9.1,
09/03/2022 00:47,9,
09/03/2022 00:52,8.8,
09/03/2022 00:57,8.6,
09/03/2022 01:02,8.7,
09/03/2022 01:07,8.8,
09/03/2022 01:12,8.6,
09/03/2022 01:17,8.3,
09/03/2022 01:22,8,
09/03/2022 01:27,7.9,
09/03/2022 01:32,8,
09/03/2022 01:37,8,
09/03/2022 01:42,8,
09/03/2022 01:47,8,
09/03/2022 01:52,7.9,
09/03/2022 01:57,7.9,
09/03/2022 02:02,7.8,
09/03/2022 02:07,7.8,
09/03/2022 02:12,7.8,
09/03/2022 02:17,7.7,
09/03/2022 02:22,7.5,
09/03/2022 02:27,7.3,
09/03/2022 02:32,7.2,
09/03/2022 02:37,7,
09/03/2022 02:42,6.8,
09/03/2022 02:47,6.6,
09/03/2022 02:52,6.5,
09/03/2022 02:57,6.7,
09/03/2022 03:02,6.8,
09/03/2022 03:07,6.8,
09/03/2022 03:12,6.7,
09/03/2022 03:17,6.5,
09/03/2022 03:22,6.2,
09/03/2022 03:27,6.1,
09/03/2022 03:32,6.1,
09/03/2022 03:37,6.2,
09/03/2022 03:42,6.3,
09/03/2022 03:47,6.5,
09/03/2022 03:52,6.8,
09/03/2022 03:57,7,
09/03/2022 04:02,7,
09/03/2022 04:07,6.9,
09/03/2022 04:12,6.9,
09/03/2022 04:17,6.9,
09/03/2022 04:22,6.7,
09/03/2022 04:27,6.7,
09/03/2022 04:32,6.7,
09/03/2022 04:37,6.8,
09/03/2022 04:42,6.7,
09/03/2022 04:47,6.5,
09/03/2022 04:52,6.5,
09/03/2022 04:57,6.5,
09/03/2022 05:02,6.5,
09/03/2022 05:07,6.5,
09/03/2022 05:12,6.3,
09/03/2022 05:17,6.2,
09/03/2022 05:22,6.2,
09/03/2022 05:27,6.1,
09/03/2022 05:32,5.9,
09/03/2022 05:37,5.9,
09/03/2022 05:42,6.1,
09/03/2022 05:47,6.2,
09/03/2022 05:52,6.4,
09/03/2022 05:57,6.4,
09/03/2022 06:02,6.3,
09/03/2022 06:07,6.2,
09/03/2022 06:12,6.1,
09/03/2022 06:17,6.1,
09/03/2022 06:22,6.1,
09/03/2022 06:27,5.9,
09/03/2022 06:32,5.8,
09/03/2022 06:37,5.9,
09/03/2022 06:42,6.1,
09/03/2022 06:47,6.4,
09/03/2022 06:52,6.6,
09/03/2022 06:57,6.5,
09/03/2022 07:02,6.5,
09/03/2022 07:07,6.3,
09/03/2022 07:12,6.3,
09/03/2022 07:17,6.2,
09/03/2022 07:22,5.7,
09/03/2022 07:27,5.1,
09/03/2022 07:32,4.6,
09/03/2022 07:37,4.3,
09/03/2022 07:42,4.2,
09/03/2022 07:47,4.2,
09/03/2022 07:52,4.2,
09/03/2022 07:57,4.4,
09/03/2022 08:02,5.1,
09/03/2022 08:07,6.2,
09/03/2022 08:12,6.4,
09/03/2022 08:17,6.4,
09/03/2022 08:22,5.4,
09/03/2022 08:27,4.7,
09/03/2022 08:32,4,
09/03/2022 08:37,3.6,
09/03/2022 08:42,3.6,
09/03/2022 08:47,4.2,
09/03/2022 08:57,4.8,
09/03/2022 09:02,5.8,
09/03/2022 09:07,6.3,
09/03/2022 09:12,6.4,
09/03/2022 09:17,6.7,
09/03/2022 09:22,6.4,
09/03/2022 09:27,6.2,
09/03/2022 09:32,6,
09/03/2022 09:37,5.8,
09/03/2022 09:42,5.7,
09/03/2022 09:47,5.4,
09/03/2022 09:52,5.2,
09/03/2022 09:57,5.1,
09/03/2022 10:02,5.4,
09/03/2022 10:07,5.9,
09/03/2022 10:12,6.4,
09/03/2022 10:17,7,
09/03/2022 10:22,7.4,
09/03/2022 10:27,7.8,
09/03/2022 10:32,7.9,
09/03/2022 10:37,7.8,
09/03/2022 10:42,7.4,
09/03/2022 10:47,7.2,
09/03/2022 10:52,7.1,
09/03/2022 10:57,7.1,
09/03/2022 11:02,7.2,
09/03/2022 11:07,7.5,
09/03/2022 11:12,7.8,
09/03/2022 11:17,8.1,
09/03/2022 11:22,8.3,
09/03/2022 11:27,8.4,
09/03/2022 11:32,8.5,
09/03/2022 11:37,8.4,
09/03/2022 11:42,8.5,
09/03/2022 11:47,8.9,
09/03/2022 11:52,9.4,
09/03/2022 11:57,9.7,
09/03/2022 12:02,10,
09/03/2022 12:07,10.3,
09/03/2022 12:12,9.9,
09/03/2022 12:17,9.6,
09/03/2022 12:22,9.1,
09/03/2022 12:27,8.2,
09/03/2022 12:32,7.8,
09/03/2022 12:37,7.5,
09/03/2022 12:42,7.4,
09/03/2022 12:47,7.3,
09/03/2022 12:52,7,
09/03/2022 12:57,6.2,
09/03/2022 13:02,5.7,
09/03/2022 13:07,5.3,
09/03/2022 13:12,4.9,
09/03/2022 13:17,4.6,
09/03/2022 13:22,4.9,
09/03/2022 13:27,5.4,
09/03/2022 13:32,6.4,
09/03/2022 13:37,6.8,
09/03/2022 13:42,6.9,
09/03/2022 13:47,6.7,
09/03/2022 13:52,6.4,
09/03/2022 13:57,6.2,
09/03/2022 14:02,5.9,
09/03/2022 14:07,6.1,
09/03/2022 14:12,6.6,
09/03/2022 14:17,7.8,
09/03/2022 14:22,8.5,
09/03/2022 14:27,8.8,
09/03/2022 14:32,9,
09/03/2022 14:37,8.7,
09/03/2022 14:42,8.2,
09/03/2022 14:47,7.7,
09/03/2022 14:52,7,
09/03/2022 14:57,6.5,
09/03/2022 15:02,6.3,
09/03/2022 15:07,5.9,
09/03/2022 15:12,5.5,
09/03/2022 15:17,5.2,
09/03/2022 15:22,4.7,
09/03/2022 15:27,4.2,
09/03/2022 15:32,3.9,
09/03/2022 15:37,3.7,
09/03/2022 15:42,3.9,
09/03/2022 15:47,4.4,
09/03/2022 15:52,5.5,
09/03/2022 15:57,6.6,
09/03/2022 16:02,7.8,
09/03/2022 16:07,8.5,
09/03/2022 16:12,9.4,
09/03/2022 16:17,10.4,
09/03/2022 16:22,11.2,
09/03/2022 16:27,12.1,
09/03/2022 16:32,13,
09/03/2022 16:37,13.2,
09/03/2022 16:42,13.7,
09/03/2022 16:47,14,
09/03/2022 16:52,14.4,
09/03/2022 16:57,14.3,
09/03/2022 17:02,14,
09/03/2022 17:07,13.5,
09/03/2022 17:12,12.5,
09/03/2022 17:17,11.7,
09/03/2022 17:22,10.9,
09/03/2022 17:27,10,
09/03/2022 17:32,8.6,
09/03/2022 17:37,7.3,
09/03/2022 17:42,4.6,
09/03/2022 17:47,3.5,
09/03/2022 17:52,2.7,
09/03/2022 17:57,2.7,
09/03/2022 18:02,3.2,
09/03/2022 18:07,4.3,
09/03/2022 18:17,7,
09/03/2022 18:22,9.2,
09/03/2022 18:27,10.3,
09/03/2022 18:32,11,
09/03/2022 18:37,10.8,
09/03/2022 18:42,10,
09/03/2022 18:47,9.2,
09/03/2022 18:52,7.8,
09/03/2022 18:57,7.1,
09/03/2022 19:02,6.8,
09/03/2022 19:07,6.8,
09/03/2022 19:12,7.2,
09/03/2022 19:17,7.6,
09/03/2022 19:22,7.9,
09/03/2022 19:27,7.9,
09/03/2022 19:32,7.5,
09/03/2022 19:37,6.7,
09/03/2022 19:42,5.6,
09/03/2022 19:47,4.9,
09/03/2022 19:52,6.7,
09/03/2022 19:57,7.1,
09/03/2022 20:02,7.5,
09/03/2022 20:07,8,
09/03/2022 20:12,7.9,
09/03/2022 20:17,8,
09/03/2022 20:47,8.2,
09/03/2022 20:52,8,
09/03/2022 20:57,7.7,
09/03/2022 21:02,6.9,
09/03/2022 21:07,6.3,
09/03/2022 21:12,5.9,
09/03/2022 21:17,5.5,
09/03/2022 21:22,5.4,
09/03/2022 21:27,5.4,
09/03/2022 21:32,5.7,
09/03/2022 21:37,5.9,
09/03/2022 21:42,5.8,
09/03/2022 21:47,5.6,
09/03/2022 21:52,5.7,
09/03/2022 21:57,6.3,
09/03/2022 22:02,8,
09/03/2022 22:07,9,
09/03/2022 22:12,9.9,
09/03/2022 22:17,10.4,
09/03/2022 22:22,10.2,
09/03/2022 22:27,9.7,
09/03/2022 22:32,9,
09/03/2022 22:37,8.4,
09/03/2022 22:42,8,
09/03/2022 22:47,7.8,
09/03/2022 22:52,7.6,
09/03/2022 22:57,7.2,
09/03/2022 23:02,6.8,
09/03/2022 23:07,6.4,
09/03/2022 23:12,6.1,
09/03/2022 23:17,5.7,
09/03/2022 23:22,5.3,
09/03/2022 23:27,5.1,
09/03/2022 23:32,4.9,
09/03/2022 23:37,4.9,
09/03/2022 23:42,4.9,
09/03/2022 23:47,5,
09/03/2022 23:52,5.2,
09/03/2022 23:57,5.6,
09/04/2022 00:02,6.4,
09/04/2022 00:07,7.5,
09/04/2022 00:12,8.2,
09/04/2022 00:17,8.9,
09/04/2022 00:22,9.3,
09/04/2022 00:27,9.2,
09/04/2022 00:32,8.8,
09/04/2022 00:37,8.2,
09/04/2022 00:42,7.6,
09/04/2022 00:47,7.2,
09/04/2022 00:52,6.9,
09/04/2022 00:57,6.9,
09/04/2022 01:02,7.2,
09/04/2022 01:07,7.3,
09/04/2022 01:12,7.3,
09/04/2022 01:17,7,
09/04/2022 01:22,6.8,
09/04/2022 01:27,6.4,
09/04/2022 01:32,6.3,
09/04/2022 01:37,6.3,
09/04/2022 01:42,6.2,
09/04/2022 01:47,6.1,
09/04/2022 01:52,5.8,
09/04/2022 01:57,5.6,
09/04/2022 02:02,5.4,
09/04/2022 02:07,5.1,
09/04/2022 02:12,4.9,
09/04/2022 02:17,4.7,
09/04/2022 02:22,4.3,
09/04/2022 02:27,4.2,
09/04/2022 02:32,4.2,
09/04/2022 02:37,4.1,
09/04/2022 02:42,4.2,
09/04/2022 02:47,4.2,
09/04/2022 02:52,4.2,
09/04/2022 02:57,4.2,
09/04/2022 03:02,4.1,
09/04/2022 03:07,4.1,
09/04/2022 03:12,4.1,
09/04/2022 03:17,4.2,
09/04/2022 03:22,4.4,
09/04/2022 03:27,4.8,
09/04/2022 03:32,5.1,
09/04/2022 03:37,5.3,
09/04/2022 03:42,5.2,
09/04/2022 03:47,5.2,
09/04/2022 03:52,5.1,
09/04/2022 03:57,5.2,
09/04/2022 04:02,5.2,
09/04/2022 04:07,5.2,
09/04/2022 04:12,5.1,
09/04/2022 04:17,4.9,
09/04/2022 04:22,4.6,
09/04/2022 04:27,4.5,
09/04/2022 04:32,4.6,
09/04/2022 04:37,4.7,
09/04/2022 04:42,5.1,
09/04/2022 04:47,5.7,
09/04/2022 04:52,6.7,
09/04/2022 04:57,7.8,
09/04/2022 05:02,8.5,
09/04/2022 05:07,8.5,
09/04/2022 05:12,8.8,
09/04/2022 05:17,8.9,
09/04/2022 05:22,8.6,
09/04/2022 05:27,8.5,
09/04/2022 05:32,8.3,
09/04/2022 05:37,8.1,
09/04/2022 05:42,7.9,
09/04/2022 05:47,7.5,
09/04/2022 05:52,7.2,
09/04/2022 05:57,6.9,
09/04/2022 06:02,6.8,
09/04/2022 06:07,6.9,
09/04/2022 06:12,7,
09/04/2022 06:17,7.1,
09/04/2022 06:22,7.2,
09/04/2022 06:27,7.2,
09/04/2022 06:32,7.1,
09/04/2022 06:37,7.2,
09/04/2022 06:42,7.4,
09/04/2022 06:47,7.8,
09/04/2022 06:52,8.2,
09/04/2022 06:57,8.3,
09/04/2022 07:02,8.2,
09/04/2022 07:12,8.2,
09/04/2022 07:17,8.2,
09/04/2022 07:22,8,
09/04/2022 07:27,7.8,
09/04/2022 07:32,7.4,
09/04/2022 07:37,6.6,
09/04/2022 07:37,7,
09/04/2022 07:42,6.3,
09/04/2022 07:47,6.1,
09/04/2022 07:52,5.7,
09/04/2022 07:57,5.8,
09/04/2022 08:02,6.4,
09/04/2022 08:07,6.8,
09/04/2022 08:12,7.3,
09/04/2022 08:17,10,
09/04/2022 08:22,10,
09/04/2022 08:27,10.3,
09/04/2022 08:37,10.2,
09/04/2022 08:42,9.9,
09/04/2022 08:47,9.7,
09/04/2022 09:12,9.5,
09/04/2022 09:17,9.2,
09/04/2022 09:22,8.5,
09/04/2022 09:27,7.9,
09/04/2022 09:32,7.4,
09/04/2022 09:37,7,
09/04/2022 09:42,4.7,
09/04/2022 09:47,5.1,
09/04/2022 09:52,5.2,
09/04/2022 09:57,4.9,
09/04/2022 10:02,4.3,
09/04/2022 10:07,4.1,
09/04/2022 10:32,4.3,
09/04/2022 10:37,4.9,
09/04/2022 10:42,6.4,
09/04/2022 10:47,7.1,
09/04/2022 10:52,7,
09/04/2022 10:57,7,
09/04/2022 11:02,7.5,
09/04/2022 11:07,7.4,
09/04/2022 11:27,7,
09/04/2022 11:37,6.8,
09/04/2022 11:42,6.8,
09/04/2022 11:47,7,
09/04/2022 12:02,7.4,
09/04/2022 12:07,7.7,
09/04/2022 12:12,7.8,
09/04/2022 12:17,8,
09/04/2022 12:22,8.1,
09/04/2022 12:27,7.9,
09/04/2022 12:32,8,
09/04/2022 12:37,8.2,
09/04/2022 12:42,8.2,
09/04/2022 12:47,7.6,
09/04/2022 12:52,6.6,
09/04/2022 12:57,6.4,
09/04/2022 13:02,6.2,
09/04/2022 13:07,6.3,
09/04/2022 13:17,6.8,
09/04/2022 13:27,7.4,
09/04/2022 13:32,8.3,
09/04/2022 13:37,9,
09/04/2022 13:42,9.3,
09/04/2022 13:47,9.7,
09/04/2022 13:52,9.8,
09/04/2022 13:57,9.7,
09/04/2022 14:02,9.6,
09/04/2022 14:07,9.6,
09/04/2022 14:12,9.9,
09/04/2022 14:17,11,
09/04/2022 14:22,11.4,
09/04/2022 14:27,11.5,
09/04/2022 14:32,11,
09/04/2022 14:37,10.9,
09/04/2022 14:42,11,
09/04/2022 14:52,11.8,
09/04/2022 14:57,12.9,
09/04/2022 15:02,13.7,
09/04/2022 15:07,14.4,
09/04/2022 15:12,14.5,
09/04/2022 15:17,14.9,
09/04/2022 15:22,15.3,
09/04/2022 15:27,16.3,
09/04/2022 15:32,17.2,
09/04/2022 15:37,17.6,
09/04/2022 15:42,17.7,
09/04/2022 15:47,17.3,
09/04/2022 15:52,16.9,
09/04/2022 15:57,16.8,
09/04/2022 16:02,16.5,
09/04/2022 16:07,16.1,
09/04/2022 16:12,15.5,
09/04/2022 16:22,14.9,
09/04/2022 16:27,14.5,
09/04/2022 16:32,14,
09/04/2022 16:37,13.5,
09/04/2022 16:42,12.9,
09/04/2022 16:47,12.3,
09/04/2022 16:52,11.8,
09/04/2022 16:57,11.1,
09/04/2022 17:02,10.2,
09/04/2022 17:07,9.4,
09/04/2022 17:12,8.9,
09/04/2022 17:17,8.3,
09/04/2022 17:22,7.8,
09/04/2022 17:27,7.4,
09/04/2022 17:32,7,
09/04/2022 17:37,6.5,
09/04/2022 17:42,6.1,
09/04/2022 17:47,5.9,
09/04/2022 17:52,5.8,
09/04/2022 17:57,5.9,
09/04/2022 18:02,6.1,
09/04/2022 18:07,6.3,
09/04/2022 18:12,6.6,
09/04/2022 18:17,6.9,
09/04/2022 18:22,7,
09/04/2022 18:27,6.8,
09/04/2022 18:32,6.4,
09/04/2022 18:37,6.1,
09/04/2022 18:42,6.2,
09/04/2022 18:47,6.7,
09/04/2022 18:52,7.8,
09/04/2022 18:57,8.9,
09/04/2022 19:02,9,
09/04/2022 19:07,9.4,
09/04/2022 19:12,9.5,
09/04/2022 19:17,10,
09/04/2022 19:22,10.7,
09/04/2022 19:37,11.3,
09/04/2022 19:42,11.9,
09/04/2022 19:47,12.5,
09/04/2022 19:52,13.2,
09/04/2022 20:02,13.9,
09/04/2022 20:07,14.4,
09/04/2022 20:12,15,
09/04/2022 20:17,14.5,
09/04/2022 20:22,14,
09/04/2022 20:27,13.3,
09/04/2022 20:32,13.3,
09/04/2022 20:37,12.9,
09/04/2022 20:52,12.9,
09/04/2022 20:57,13.1,
09/04/2022 21:02,13.4,
09/04/2022 21:12,13.6,
09/04/2022 21:17,13.6,
09/04/2022 21:22,13.4,
09/04/2022 21:27,13,
09/04/2022 21:32,12.5,
09/04/2022 21:37,12.3,
09/04/2022 21:42,12.2,
09/04/2022 21:47,12.4,
09/04/2022 21:52,12.5,
09/04/2022 21:57,12.5,
09/04/2022 22:02,12.3,
09/04/2022 22:07,11.9,
09/04/2022 22:12,11.4,
09/04/2022 22:17,11,
09/04/2022 22:22,10.8,
09/04/2022 22:27,10.7,
09/04/2022 22:32,10.5,
09/04/2022 22:37,10.4,
09/04/2022 22:42,10.3,
09/04/2022 22:47,10.1,
09/04/2022 22:52,9.8,
09/04/2022 22:57,9.6,
09/04/2022 23:02,9.4,
09/04/2022 23:07,9.4,
09/04/2022 23:12,9.3,
09/04/2022 23:17,9.3,
09/04/2022 23:22,9.1,
09/04/2022 23:27,8.9,
09/04/2022 23:32,8.8,
09/04/2022 23:37,8.7,
09/04/2022 23:42,8.4,
09/04/2022 23:47,8.2,
09/04/2022 23:52,8,
09/04/2022 23:57,7.8,
09/05/2022 00:02,7.8,
09/05/2022 00:07,7.8,
09/05/2022 00:12,7.8,
09/05/2022 00:17,7.8,
09/05/2022 00:22,7.7,
09/05/2022 00:27,7.6,
09/05/2022 00:32,7.5,
09/05/2022 00:37,7.5,
09/05/2022 00:42,7.4,
09/05/2022 00:47,7.3,
09/05/2022 00:52,7.2,
09/05/2022 00:57,7,
09/05/2022 01:02,7.2,
09/05/2022 01:07,7.3,
09/05/2022 01:12,7.5,
09/05/2022 01:17,7.7,
09/05/2022 01:22,7.7,
09/05/2022 01:27,7.5,
09/05/2022 01:32,7.4,
09/05/2022 01:37,7.3,
09/05/2022 01:42,7.2,
09/05/2022 01:47,7.2,
09/05/2022 01:52,7,
09/05/2022 01:57,6.9,
09/05/2022 02:02,6.8,
09/05/2022 02:07,6.8,
09/05/2022 02:12,6.9,
09/05/2022 02:17,6.8,
09/05/2022 02:22,6.7,
09/05/2022 02:27,6.6,
09/05/2022 02:32,6.4,
09/05/2022 02:37,6.2,
09/05/2022 02:42,6,
09/05/2022 02:47,6.1,
09/05/2022 02:52,6.3,
09/05/2022 02:57,6.4,
09/05/2022 03:02,6.4,
09/05/2022 03:07,6.5,
09/05/2022 03:12,6.4,
09/05/2022 03:17,6.4,
09/05/2022 03:22,6.3,
09/05/2022 03:27,6.2,
09/05/2022 03:32,6.2,
09/05/2022 03:37,6.2,
09/05/2022 03:42,6.2,
09/05/2022 03:47,6.2,
09/05/2022 03:52,6.1,
09/05/2022 03:57,6.1,
09/05/2022 04:02,6.1,
09/05/2022 04:07,6.2,
09/05/2022 04:12,6.4,
09/05/2022 04:17,6.7,
09/05/2022 04:22,6.9,
09/05/2022 04:27,6.8,
09/05/2022 04:32,6.7,
09/05/2022 04:37,6.7,
09/05/2022 04:42,6.6,
09/05/2022 04:47,6.5,
09/05/2022 04:52,6.5,
09/05/2022 04:57,6.5,
09/05/2022 05:02,6.6,
09/05/2022 05:07,6.7,
09/05/2022 05:12,6.8,
09/05/2022 05:17,7,
09/05/2022 05:22,7,
09/05/2022 05:27,6.9,
09/05/2022 05:32,6.9,
09/05/2022 05:37,7,
09/05/2022 05:42,7.1,
09/05/2022 05:47,7.2,
09/05/2022 05:52,7.2,
09/05/2022 05:57,7,
09/05/2022 06:02,6.9,
09/05/2022 06:07,7,
09/05/2022 06:12,7.3,
09/05/2022 06:17,7.7,
09/05/2022 06:22,7.9,
09/05/2022 06:27,7.9,
09/05/2022 06:32,7.9,
09/05/2022 06:37,8,
09/05/2022 06:42,8,
09/05/2022 06:47,7.9,
09/05/2022 06:52,7.8,
09/05/2022 06:57,7.8,
09/05/2022 07:02,7.8,
09/05/2022 07:07,8,
09/05/2022 07:12,8.2,
09/05/2022 07:17,8.6,
09/05/2022 07:22,9.3,
09/05/2022 07:27,9.6,
09/05/2022 07:32,9.8,
09/05/2022 07:37,9.8,
09/05/2022 07:42,9.8,
09/05/2022 07:47,9.9,
09/05/2022 07:52,9.8,
09/05/2022 07:57,9.7,
09/05/2022 08:02,9.7,
09/05/2022 08:07,9.7,
09/05/2022 08:12,9.9,
09/05/2022 08:17,10.1,
09/05/2022 08:22,10.3,
09/05/2022 08:27,10.5,
09/05/2022 08:32,10.9,
09/05/2022 08:37,11.1,
09/05/2022 08:42,11.2,
09/05/2022 08:47,11.2,
09/05/2022 08:52,11.1,
09/05/2022 08:57,11,
09/05/2022 09:02,11.6,
09/05/2022 09:07,12.3,
09/05/2022 09:12,12.9,
09/05/2022 09:17,13.3,
09/05/2022 09:22,13.8,
09/05/2022 09:27,14.4,
09/05/2022 09:42,15,
09/05/2022 09:47,15.6,
09/05/2022 09:52,16,
09/05/2022 09:57,16.4,
09/05/2022 10:02,16.2,
09/05/2022 10:07,15.8,
09/05/2022 10:12,15.4,
09/05/2022 10:17,14.8,
09/05/2022 10:22,14,
09/05/2022 10:32,13.5,
09/05/2022 10:37,13.1,
09/05/2022 10:42,12.9,
09/05/2022 10:47,12.9,
09/05/2022 10:52,12.8,
09/05/2022 10:57,12.4,
09/05/2022 11:02,11.9,
09/05/2022 11:07,11.4,
09/05/2022 11:12,11,
09/05/2022 11:17,10.6,
09/05/2022 11:22,10.3,
09/05/2022 11:27,10,
09/05/2022 11:32,9.8,
09/05/2022 11:37,10,
09/05/2022 11:42,10.5,
09/05/2022 11:47,11.8,
09/05/2022 11:52,12.8,
09/05/2022 11:57,13.5,
09/05/2022 12:02,14.4,
09/05/2022 12:07,15.3,
09/05/2022 12:12,15.9,
09/05/2022 12:17,16.5,
09/05/2022 12:22,17.3,
09/05/2022 12:27,17.8,
09/05/2022 12:32,18.3,
09/05/2022 12:37,18.8,
09/05/2022 12:42,19,
09/05/2022 12:47,19.1,
09/05/2022 12:52,19,
09/05/2022 12:57,18.6,
09/05/2022 13:02,18.2,
09/05/2022 13:07,17.8,
09/05/2022 13:12,17.5,
09/05/2022 13:17,17.2,
09/05/2022 13:22,16.7,
09/05/2022 13:27,16.4,
09/05/2022 13:32,16.2,
09/05/2022 13:37,16.2,
09/05/2022 13:42,15.9,
09/05/2022 13:47,15.6,
09/05/2022 13:52,15.2,
09/05/2022 13:57,14.9,
09/05/2022 14:02,14.5,
09/05/2022 14:07,14.2,
09/05/2022 14:12,13.9,
09/05/2022 14:17,13.6,
09/05/2022 14:22,13.2,
09/05/2022 14:27,12.9,
09/05/2022 14:32,12.6,
09/05/2022 14:37,12.1,
09/05/2022 14:42,11.7,
09/05/2022 14:47,11.3,
09/05/2022 14:52,11,
09/05/2022 14:57,10.5,
09/05/2022 15:02,10,
09/05/2022 15:07,9.5,
09/05/2022 15:12,8.9,
09/05/2022 15:17,10.2,
09/05/2022 15:22,10.2,
09/05/2022 15:27,10,
09/05/2022 15:32,9.7,
09/05/2022 15:37,9.7,
09/05/2022 15:42,9.5,
09/05/2022 19:37,9.3,
09/05/2022 19:42,9.2,
09/05/2022 19:47,8.9,
09/05/2022 19:52,8.8,
09/05/2022 19:57,8.9,
09/05/2022 20:02,9.1,
09/05/2022 20:07,9.3,
09/05/2022 20:12,9.5,
09/05/2022 20:17,9.8,
09/05/2022 20:22,9.8,
09/05/2022 20:27,9.6,
09/05/2022 20:32,9.2,
09/05/2022 20:37,8.7,
09/05/2022 20:42,7.7,
09/05/2022 20:47,7.2,
09/05/2022 20:52,6.8,
09/05/2022 20:57,6.8,
09/05/2022 21:02,7,
09/05/2022 21:07,7.1,
09/05/2022 21:12,7.1,
09/05/2022 21:17,6.9,
09/05/2022 21:22,6.8,
09/05/2022 21:27,6.7,
09/05/2022 21:32,6.7,
09/05/2022 21:37,6.8,
09/05/2022 21:42,7.9,
09/05/2022 21:47,8.4,
09/05/2022 21:52,8.3,
09/05/2022 21:57,8,
09/05/2022 22:02,7.6,
09/05/2022 22:07,7,
09/05/2022 22:12,6.9,
09/05/2022 22:17,7,
09/05/2022 22:22,7,
09/05/2022 22:27,7,
09/05/2022 22:32,6.8,
09/05/2022 22:37,6.5,
09/05/2022 22:42,6.3,
09/05/2022 22:47,6.1,
09/05/2022 22:52,5.8,
09/05/2022 22:57,5.4,
09/05/2022 23:02,5.1,
09/05/2022 23:07,4.9,
09/05/2022 23:12,4.9,
09/05/2022 23:17,4.8,
09/05/2022 23:22,4.5,
09/05/2022 23:27,4.2,
09/05/2022 23:32,3.8,
09/05/2022 23:37,3.8,
09/05/2022 23:42,3.9,
09/05/2022 23:47,3.9,
09/05/2022 23:52,3.8,
09/05/2022 23:57,3.7,
09/06/2022 00:02,3.4,
09/06/2022 00:07,3.4,
09/06/2022 00:12,3.4,
09/06/2022 00:17,4.2,
09/06/2022 00:22,4.6,
09/06/2022 00:27,5,
09/06/2022 00:32,5.5,
09/06/2022 00:37,5.6,
09/06/2022 00:42,5.2,
09/06/2022 00:47,4.8,
09/06/2022 00:52,4.8,
09/06/2022 00:57,5.2,
09/06/2022 01:02,6.1,
09/06/2022 01:07,6.8,
09/06/2022 01:12,7.2,
09/06/2022 01:17,7.2,
09/06/2022 01:22,7,
09/06/2022 01:27,6.8,
09/06/2022 01:32,6.7,
09/06/2022 01:37,6.5,
09/06/2022 01:42,6.5,
09/06/2022 01:47,6.4,
09/06/2022 01:52,6.2,
09/06/2022 01:57,6.1,
09/06/2022 02:02,5.8,
09/06/2022 02:07,5.5,
09/06/2022 02:12,5.3,
09/06/2022 02:17,5.2,
09/06/2022 02:22,4.9,
09/06/2022 02:27,4.7,
09/06/2022 02:32,4.3,
09/06/2022 02:37,4.1,
09/06/2022 02:42,4.1,
09/06/2022 02:47,4.2,
09/06/2022 02:52,4.6,
09/06/2022 02:57,5.3,
09/06/2022 03:02,6.8,
09/06/2022 03:07,6.8,
09/06/2022 03:12,7.2,
09/06/2022 03:17,7.5,
09/06/2022 03:22,7.6,
09/06/2022 03:27,7.5,
09/06/2022 03:32,7.6,
09/06/2022 03:37,7.9,
09/06/2022 03:42,7.7,
09/06/2022 03:47,7.4,
09/06/2022 03:52,6.8,
09/06/2022 03:57,6,
09/06/2022 04:02,5.5,
09/06/2022 04:07,5.3,
09/06/2022 04:12,5.3,
09/06/2022 04:17,5.4,
09/06/2022 04:22,5.4,
09/06/2022 04:27,5.3,
09/06/2022 04:32,5.2,
09/06/2022 04:37,4.9,
09/06/2022 04:42,4.7,
09/06/2022 04:47,4.6,
09/06/2022 04:52,4.7,
09/06/2022 04:57,4.7,
09/06/2022 05:02,4.8,
09/06/2022 05:07,4.7,
09/06/2022 05:12,4.7,
09/06/2022 05:17,4.7,
09/06/2022 05:22,4.8,
09/06/2022 05:27,4.9,
09/06/2022 05:32,4.9,
09/06/2022 05:37,4.9,
09/06/2022 05:42,4.9,
09/06/2022 05:47,4.9,
09/06/2022 05:52,4.8,
09/06/2022 05:57,4.7,
09/06/2022 06:02,6.3,
09/06/2022 06:07,6.9,
09/06/2022 06:12,6.9,
09/06/2022 06:17,6.7,
09/06/2022 06:22,6.3,
09/06/2022 06:27,6.1,
09/06/2022 06:32,5.9,
09/06/2022 06:37,5.8,
09/06/2022 06:42,5.7,
09/06/2022 06:47,5.6,
09/06/2022 06:52,5.4,
09/06/2022 06:57,5.3,
09/06/2022 07:02,5.1,
09/06/2022 07:07,5.1,
09/06/2022 07:12,5.3,
09/06/2022 07:17,5.6,
09/06/2022 07:22,5.5,
09/06/2022 07:27,5.4,
09/06/2022 07:37,5.1,
09/06/2022 07:42,4.9,
09/06/2022 07:47,5,
09/06/2022 07:52,5,
09/06/2022 07:57,5.2,
09/06/2022 08:02,5.7,
09/06/2022 08:07,6.1,
09/06/2022 08:12,6.4,
09/06/2022 08:17,6.8,
09/06/2022 08:22,6.9,
09/06/2022 08:27,7.1,
09/06/2022 08:32,7.2,
09/06/2022 08:37,7.2,
09/06/2022 08:42,7.4,
09/06/2022 08:47,7.8,
09/06/2022 08:52,8.4,
09/06/2022 08:57,9,
09/06/2022 09:02,9.7,
09/06/2022 09:07,10.3,
09/06/2022 09:12,11,
09/06/2022 09:17,11.9,
09/06/2022 09:22,12.7,
09/06/2022 09:27,13,
09/06/2022 09:32,13.8,
09/06/2022 09:37,14.4,
09/06/2022 09:42,15,
09/06/2022 09:47,15.5,
09/06/2022 09:52,15.9,
09/06/2022 09:57,16.3,
09/06/2022 10:02,16.3,
09/06/2022 10:07,16.3,
09/06/2022 10:12,16.2,
09/06/2022 10:17,16.1,
09/06/2022 10:22,16,
09/06/2022 10:32,16,
09/06/2022 10:37,15.9,
09/06/2022 10:42,15.4,
09/06/2022 10:47,15.4,
09/06/2022 10:52,15.4,
09/06/2022 10:57,15.7,
09/06/2022 11:02,16.3,
09/06/2022 11:07,16.2,
09/06/2022 11:12,15.9,
09/06/2022 11:17,15.6,
09/06/2022 11:22,15.2,
09/06/2022 11:27,15.4,
09/06/2022 11:32,15.8,
09/06/2022 11:37,16.3,
09/06/2022 11:42,16.4,
09/06/2022 11:47,16.2,
09/06/2022 11:52,15.9,
09/06/2022 11:57,15.5,
09/06/2022 12:02,14.9,
09/06/2022 12:07,14.1,
09/06/2022 12:12,13.6,
09/06/2022 12:17,13.3,
09/06/2022 12:22,13.3,
09/06/2022 12:27,13.4,
09/06/2022 12:32,13.3,
09/06/2022 12:37,12.7,
09/06/2022 12:42,12.7,
09/06/2022 12:47,12.3,
09/06/2022 12:52,12.4,
09/06/2022 12:57,12.8,
09/06/2022 13:02,12.9,
09/06/2022 13:07,13,
09/06/2022 13:12,13,
09/06/2022 13:17,12.9,
09/06/2022 13:22,12.9,
09/06/2022 13:27,12.8,
09/06/2022 13:32,12.7,
09/06/2022 13:37,12.3,
09/06/2022 13:42,11.8,
09/06/2022 13:47,11.1,
09/06/2022 13:52,10.7,
09/06/2022 13:57,10.2,
09/06/2022 14:02,9.8,
09/06/2022 14:07,9.3,
09/06/2022 14:12,9,
09/06/2022 14:17,8.7,
09/06/2022 14:22,8.5,
09/06/2022 14:27,8.2,
09/06/2022 14:32,7.9,
09/06/2022 14:37,8.3,
09/06/2022 14:42,8.9,
09/06/2022 14:47,9,
09/06/2022 14:52,9,
09/06/2022 14:57,8.9,
09/06/2022 15:02,9,
09/06/2022 15:07,8.9,
09/06/2022 15:12,8.4,
09/06/2022 15:17,7.7,
09/06/2022 15:22,6.9,
09/06/2022 15:27,6.4,
09/06/2022 15:32,6.3,
09/06/2022 15:37,6.3,
09/06/2022 15:42,6.9,
09/06/2022 15:47,7.7,
09/06/2022 15:52,8.4,
09/06/2022 15:57,8.8,
09/06/2022 16:02,8.9,
09/06/2022 16:07,8.5,
09/06/2022 16:12,8.1,
09/06/2022 16:17,7.4,
09/06/2022 16:22,6.7,
09/06/2022 16:27,6.3,
09/06/2022 16:32,5.9,
09/06/2022 16:37,5.6,
09/06/2022 16:42,5.7,
09/06/2022 16:47,5.9,
09/06/2022 16:52,6.4,
09/06/2022 16:57,7.4,
09/06/2022 17:02,8.3,
09/06/2022 17:07,8.8,
09/06/2022 17:12,9.2,
09/06/2022 17:17,9.4,
09/06/2022 17:22,8.8,
09/06/2022 17:27,7.4,
09/06/2022 17:32,6.7,
09/06/2022 17:37,5.9,
09/06/2022 17:42,4.9,
09/06/2022 17:47,4.6,
09/06/2022 17:52,4.7,
09/06/2022 18:02,4.3,
09/06/2022 18:07,4,
09/06/2022 18:12,3.8,
09/06/2022 18:17,3.8,
09/06/2022 18:22,4.1,
09/06/2022 18:27,4.5,
09/06/2022 18:32,5.3,
09/06/2022 18:37,5.8,
09/06/2022 18:42,6.1,
09/06/2022 18:47,5.6,
09/06/2022 18:52,4.8,
09/06/2022 18:57,3.9,
09/06/2022 19:02,4.2,
09/06/2022 19:07,4.3,
09/06/2022 19:12,4.6,
09/06/2022 19:17,5.1,
09/06/2022 19:22,5.4,
09/06/2022 19:27,5.6,
09/06/2022 19:32,5.5,
09/06/2022 19:37,5.3,
09/06/2022 19:42,5.1,
09/06/2022 19:47,5.1,
09/06/2022 19:52,5.2,
09/06/2022 19:57,5.3,
09/06/2022 20:02,5.5,
09/06/2022 20:07,5.6,
09/06/2022 20:12,5.8,
09/06/2022 20:17,6.2,
09/06/2022 20:22,6.5,
09/06/2022 20:27,6.9,
09/06/2022 20:32,7.4,
09/06/2022 20:37,7.9,
09/06/2022 20:42,8.4,
09/06/2022 20:47,8.8,
09/06/2022 20:52,9.4,
09/06/2022 20:57,10.2,
09/06/2022 21:02,10.2,
09/06/2022 21:07,9.9,
09/06/2022 21:12,9.5,
09/06/2022 21:17,9.3,
09/06/2022 21:22,9.4,
09/06/2022 21:27,9.2,
09/06/2022 21:32,9.2,
09/06/2022 21:37,9.5,
09/06/2022 21:42,9.7,
09/06/2022 21:47,9.9,
09/06/2022 21:52,10.2,
09/06/2022 21:57,10.8,
09/06/2022 22:02,11.2,
09/06/2022 22:12,11.7,
09/06/2022 22:17,12,
09/06/2022 22:22,12.3,
09/06/2022 22:27,12.6,
09/06/2022 22:32,12.6,
09/06/2022 22:37,12.7,
09/06/2022 22:42,12.7,
09/06/2022 22:47,13,
09/06/2022 22:52,13.2,
09/06/2022 22:57,13.4,
09/06/2022 23:02,13.5,
09/06/2022 23:07,13.6,
09/06/2022 23:12,13.7,
09/06/2022 23:17,13.9,
09/06/2022 23:22,13.9,
09/06/2022 23:27,13.8,
09/06/2022 23:32,13.9,
09/06/2022 23:37,14.2,
09/06/2022 23:42,14.7,
09/06/2022 23:47,14.8,
09/06/2022 23:52,15,
09/06/2022 23:57,15.5,
09/07/2022 00:02,15.7,
09/07/2022 00:07,15.9,
09/07/2022 00:12,16.2,
09/07/2022 00:17,16.3,
09/07/2022 00:22,16.5,
09/07/2022 00:27,16.8,
09/07/2022 00:32,17.2,
09/07/2022 00:37,17.4,
09/07/2022 00:42,17.3,
09/07/2022 00:47,17.2,
09/07/2022 00:52,17,
09/07/2022 00:57,16.8,
09/07/2022 01:02,16.4,
09/07/2022 01:07,16.5,
09/07/2022 01:12,16.4,
09/07/2022 01:17,15.9,
09/07/2022 01:22,15.3,
09/07/2022 01:27,14.8,
09/07/2022 01:32,14.5,
09/07/2022 01:37,14.4,
09/07/2022 01:42,14.9,
09/07/2022 01:47,15.1,
09/07/2022 01:52,15.2,
09/07/2022 01:57,14.9,
09/07/2022 02:02,14.8,
09/07/2022 02:07,14.5,
09/07/2022 02:12,14.2,
09/07/2022 02:17,14.1,
09/07/2022 02:22,14,
09/07/2022 02:27,14,
09/07/2022 02:32,14,
09/07/2022 02:37,13.8,
09/07/2022 02:42,13.7,
09/07/2022 02:47,13.4,
09/07/2022 02:52,13.3,
09/07/2022 02:57,13.5,
09/07/2022 03:02,13.6,
09/07/2022 03:07,13.4,
09/07/2022 03:12,13.3,
09/07/2022 03:17,13.5,
09/07/2022 03:22,13.7,
09/07/2022 03:27,13.8,
09/07/2022 03:32,13.8,
09/07/2022 03:37,13.5,
09/07/2022 03:42,13.6,
09/07/2022 03:47,13.8,
09/07/2022 03:52,13.8,
09/07/2022 03:57,13.8,
09/07/2022 04:02,13.5,
09/07/2022 04:07,13.3,
09/07/2022 04:12,12.8,
09/07/2022 04:17,12.2,
09/07/2022 04:22,12.1,
09/07/2022 04:27,12,
09/07/2022 04:32,12.1,
09/07/2022 04:37,12.2,
09/07/2022 04:42,12.2,
09/07/2022 04:47,12,
09/07/2022 04:52,11.9,
09/07/2022 04:57,11.7,
09/07/2022 05:02,11,
09/07/2022 05:07,11,
09/07/2022 05:12,11.4,
09/07/2022 05:17,11.7,
09/07/2022 05:22,11.8,
09/07/2022 05:27,11.7,
09/07/2022 05:32,11.6,
09/07/2022 05:37,11.5,
09/07/2022 05:42,11.3,
09/07/2022 05:47,11,
09/07/2022 05:52,10.7,
09/07/2022 05:57,10.5,
09/07/2022 06:02,10.3,
09/07/2022 06:07,10.7,
09/07/2022 06:12,10.9,
09/07/2022 06:17,11.4,
09/07/2022 06:22,11.5,
09/07/2022 06:27,11.4,
09/07/2022 06:32,11,
09/07/2022 06:37,8.5,
09/07/2022 06:42,7.4,
09/07/2022 06:47,7.3,
09/07/2022 06:52,7.3,
09/07/2022 06:57,7.4,
09/07/2022 07:02,7.9,
09/07/2022 07:22,8.3,
09/07/2022 07:37,8.7,
09/07/2022 07:42,9,
09/07/2022 07:47,9.1,
09/07/2022 07:52,9,
09/07/2022 07:57,8.8,
09/07/2022 08:02,8.4,
09/07/2022 08:07,8,
09/07/2022 08:12,7.5,
09/07/2022 08:17,7.2,
09/07/2022 08:22,6.9,
09/07/2022 08:27,6.8,
09/07/2022 08:32,6.6,
09/07/2022 08:37,6.3,
09/07/2022 08:42,6,
09/07/2022 08:47,5.6,
09/07/2022 08:52,5.5,
09/07/2022 08:57,5.7,
09/07/2022 09:02,5.8,
09/07/2022 09:07,6.1,
09/07/2022 09:12,6.9,
09/07/2022 09:17,7.7,
09/07/2022 09:22,7.9,
09/07/2022 09:27,8.2,
09/07/2022 09:32,8.4,
09/07/2022 09:37,9,
09/07/2022 09:42,9.8,
09/07/2022 09:47,10.7,
09/07/2022 09:52,11.3,
09/07/2022 09:57,11.2,
09/07/2022 10:02,10.8,
09/07/2022 10:07,10.2,
09/07/2022 10:12,9.9,
09/07/2022 10:17,9.8,
09/07/2022 10:22,9.8,
09/07/2022 10:27,10,
09/07/2022 10:32,10.2,
09/07/2022 10:37,10.1,
09/07/2022 10:42,10.2,
09/07/2022 10:47,10.6,
09/07/2022 10:52,11.4,
09/07/2022 10:57,11.9,
09/07/2022 11:02,12.3,
09/07/2022 11:07,12.5,
09/07/2022 11:12,12.5,
09/07/2022 11:17,12.4,
09/07/2022 11:22,12.3,
09/07/2022 11:27,12.1,
09/07/2022 11:32,12.2,
09/07/2022 11:37,12.3,
09/07/2022 11:42,12.5,
09/07/2022 11:47,12.9,
09/07/2022 11:52,13.5,
09/07/2022 11:57,14.9,
09/07/2022 12:02,16.4,
09/07/2022 12:07,18.1,
09/07/2022 12:12,20.1,
09/07/2022 12:17,20.3,
09/07/2022 12:22,20.2,
09/07/2022 12:27,20.1,
09/07/2022 12:32,20,
09/07/2022 12:37,20,
09/07/2022 12:42,20.1,
09/07/2022 12:47,20.2,
09/07/2022 12:52,20.4,
09/07/2022 12:57,20.7,
09/07/2022 13:02,20.8,
09/07/2022 13:12,20.8,
09/07/2022 13:17,20.5,
09/07/2022 13:22,20.1,
09/07/2022 13:27,20,
09/07/2022 13:32,19.9,
09/07/2022 13:37,19.6,
09/07/2022 13:42,19.4,
09/07/2022 13:47,19.5,
09/07/2022 13:52,19.8,
09/07/2022 13:57,20,
09/07/2022 14:02,20.1,
09/07/2022 14:07,20,
09/07/2022 14:12,19.6,
09/07/2022 14:17,19.9,
09/07/2022 14:22,19.4,
09/07/2022 14:27,19.3,
09/07/2022 14:32,19.3,
09/07/2022 14:37,19,
09/07/2022 14:42,18.4,
09/07/2022 15:02,17.1,
09/07/2022 15:07,16.7,
09/07/2022 15:12,16.3,
09/07/2022 15:17,15.8,
09/07/2022 15:22,15.4,
09/07/2022 15:27,15,
09/07/2022 15:32,14.6,
09/07/2022 15:37,14.2,
09/07/2022 15:42,13.8,
09/07/2022 15:47,13.4,
09/07/2022 15:52,13.1,
09/07/2022 15:57,12.7,
09/07/2022 16:02,12.4,
09/07/2022 16:07,12,
09/07/2022 16:12,11.5,
09/07/2022 16:17,11.1,
09/07/2022 16:22,10.5,
09/07/2022 16:27,10.1,
09/07/2022 16:32,9.8,
09/07/2022 16:37,9.5,
09/07/2022 16:42,9.4,
09/07/2022 16:47,9.3,
09/07/2022 16:52,8.7,
09/07/2022 16:57,8,
09/07/2022 17:02,7.5,
09/07/2022 17:07,7,
09/07/2022 17:12,6.5,
09/07/2022 17:17,6.2,
09/07/2022 17:22,5.9,
09/07/2022 17:27,5.4,
09/07/2022 17:32,5.4,
09/07/2022 17:37,5.8,
09/07/2022 17:42,6.3,
09/07/2022 17:47,7.1,
09/07/2022 17:52,8.2,
09/07/2022 17:57,9.3,
09/07/2022 18:02,10.3,
09/07/2022 18:07,11.5,
09/07/2022 18:12,12.5,
09/07/2022 18:17,16.3,
09/07/2022 18:22,16.4,
09/07/2022 18:27,16.8,
09/07/2022 18:32,16.6,
09/07/2022 18:37,15.9,
09/07/2022 18:42,15,
09/07/2022 19:07,14.4,
09/07/2022 19:12,14.3,
09/07/2022 19:17,13.9,
09/07/2022 19:22,13.4,
09/07/2022 19:32,12.9,
09/07/2022 19:37,12.8,
09/07/2022 19:42,12.5,
09/07/2022 19:47,12.4,
09/07/2022 19:52,12,
09/07/2022 19:57,8.6,
09/07/2022 20:02,8.1,
09/07/2022 20:07,8,
09/07/2022 20:12,7.5,
09/07/2022 20:17,6.7,
09/07/2022 20:22,6.6,
09/07/2022 21:02,6.3,
09/07/2022 21:07,5.8,
09/07/2022 21:12,5.3,
09/07/2022 21:17,4.6,
09/07/2022 21:22,4.6,
09/07/2022 21:27,5,
09/07/2022 21:32,5.7,
09/07/2022 21:37,6.8,
09/07/2022 21:42,7.6,
09/07/2022 21:47,8.3,
09/07/2022 21:52,8.8,
09/07/2022 21:57,8.9,
09/07/2022 22:02,8.8,
09/07/2022 22:07,8.3,
09/07/2022 22:12,7.9,
09/07/2022 22:17,7.7,
09/07/2022 22:22,7.4,
09/07/2022 22:27,7.4,
09/07/2022 22:32,7.3,
09/07/2022 22:37,7,
09/07/2022 22:42,6.8,
09/07/2022 22:47,6.5,
09/07/2022 22:52,6.2,
09/07/2022 22:57,6.2,
09/07/2022 23:02,6.4,
09/07/2022 23:07,6.9,
09/07/2022 23:12,7.8,
09/07/2022 23:17,8.6,
09/07/2022 23:22,9.1,
09/07/2022 23:27,9.7,
09/07/2022 23:32,11.1,
09/07/2022 23:37,9.7,
09/07/2022 23:42,9.4,
09/07/2022 23:47,9.3,
09/07/2022 23:52,9.2,
09/07/2022 23:57,9.4,
09/08/2022 00:12,9.5,
09/08/2022 00:57,9.5,
09/08/2022 01:02,9.4,
09/08/2022 01:07,9.3,
09/08/2022 01:12,9.2,
09/08/2022 01:17,9,
09/08/2022 01:22,9,
09/08/2022 01:27,9,
09/08/2022 01:32,9,
09/08/2022 01:37,8.9,
09/08/2022 01:42,8.7,
09/08/2022 01:47,8.7,
09/08/2022 01:52,8.5,
09/08/2022 01:57,8.4,
09/08/2022 02:02,8.3,
09/08/2022 02:07,8.2,
09/08/2022 02:12,8,
09/08/2022 02:17,7.9,
09/08/2022 02:22,7.8,
09/08/2022 02:27,7.8,
09/08/2022 02:32,7.8,
09/08/2022 02:37,7.8,
09/08/2022 02:42,7.7,
09/08/2022 02:47,7.7,
09/08/2022 02:52,7.7,
09/08/2022 02:57,7.4,
09/08/2022 03:02,7.2,
09/08/2022 03:07,7.1,
09/08/2022 03:12,7.2,
09/08/2022 03:17,7.3,
09/08/2022 03:22,7.5,
09/08/2022 03:27,7.7,
09/08/2022 03:32,7.9,
09/08/2022 03:37,8,
09/08/2022 03:42,8.1,
09/08/2022 03:47,8.2,
09/08/2022 03:52,8.2,
09/08/2022 03:57,8.3,
09/08/2022 04:02,8.6,
09/08/2022 04:07,8.8,
09/08/2022 04:12,9,
09/08/2022 04:17,9,
09/08/2022 04:22,9,
09/08/2022 04:27,8.7,
09/08/2022 04:32,8,
09/08/2022 04:37,7.9,
09/08/2022 04:42,7.8,
09/08/2022 04:47,8,
09/08/2022 04:52,8.2,
09/08/2022 04:57,8.6,
09/08/2022 05:02,8.9,
09/08/2022 05:07,9,
09/08/2022 05:12,9.2,
09/08/2022 05:17,9.3,
09/08/2022 05:22,9.3,
09/08/2022 05:27,9.4,
09/08/2022 05:32,9.5,
09/08/2022 05:37,9.7,
09/08/2022 05:42,9.9,
09/08/2022 05:47,10.2,
09/08/2022 05:52,10.2,
09/08/2022 05:57,10.2,
09/08/2022 06:02,9.8,
09/08/2022 06:07,9.6,
09/08/2022 06:12,9.8,
09/08/2022 06:17,10.1,
09/08/2022 06:22,10.4,
09/08/2022 06:27,10.3,
09/08/2022 06:32,10.7,
09/08/2022 06:37,10.6,
09/08/2022 06:42,10.4,
09/08/2022 06:47,10.3,
09/08/2022 06:52,10.3,
09/08/2022 06:57,10.4,
09/08/2022 07:02,10.7,
09/08/2022 07:07,11.1,
09/08/2022 07:12,11.5,
09/08/2022 07:17,12,
09/08/2022 07:22,13.2,
09/08/2022 07:27,14.5,
09/08/2022 07:32,15.4,
09/08/2022 07:37,16.3,
09/08/2022 07:42,17.2,
09/08/2022 07:47,17.8,
09/08/2022 07:52,18.7,
09/08/2022 07:57,19.4,
09/08/2022 08:02,20,
09/08/2022 08:07,20.3,
09/08/2022 08:12,20.9,
09/08/2022 08:17,21.5,
09/08/2022 08:22,22,
09/08/2022 08:27,22.2,
09/08/2022 08:32,22.2,
09/08/2022 08:37,22.2,
09/08/2022 08:42,22.2,
09/08/2022 08:47,22.2,
09/08/2022 08:52,22.2,
09/08/2022 08:57,22,
09/08/2022 09:02,21.8,
09/08/2022 09:07,21.6,
09/08/2022 09:12,21.5,
09/08/2022 09:17,21.4,
09/08/2022 09:22,21.5,
09/08/2022 09:27,20.3,
09/08/2022 09:32,19.9,
09/08/2022 09:37,19.4,
09/08/2022 09:42,18.5,
09/08/2022 09:47,17.8,
09/08/2022 09:57,17.3,
09/08/2022 10:07,17,
09/08/2022 10:12,16.7,
09/08/2022 10:17,16.4,
09/08/2022 10:22,16.1,
09/08/2022 10:27,15.7,
09/08/2022 10:32,14.9,
09/08/2022 10:37,14.2,
09/08/2022 10:42,13.2,
09/08/2022 10:47,12,
09/08/2022 10:52,11.3,
09/08/2022 10:57,10.7,
09/08/2022 11:02,10,
09/08/2022 11:07,9.4,
09/08/2022 11:12,8.8,
09/08/2022 11:17,8.4,
09/08/2022 11:22,7.9,
09/08/2022 11:27,7.6,
09/08/2022 11:32,7.3,
09/08/2022 11:37,7.8,
09/08/2022 11:42,8.4,
09/08/2022 11:47,9.8,
09/08/2022 11:52,10.1,
09/08/2022 11:57,10.4,
09/08/2022 12:02,10.8,
09/08/2022 12:07,11.5,
09/08/2022 12:12,12.4,
09/08/2022 12:17,12.8,
09/08/2022 12:22,13.3,
09/08/2022 12:27,13.7,
09/08/2022 12:32,13.6,
09/08/2022 12:37,13.4,
09/08/2022 12:42,13.2,
09/08/2022 12:47,12.8,
09/08/2022 12:52,12.4,
09/08/2022 12:57,12.3,
09/08/2022 13:02,12,
09/08/2022 13:07,11.4,
09/08/2022 13:12,10.8,
09/08/2022 13:17,10.4,
09/08/2022 13:22,10.1,
09/08/2022 13:27,10.1,
09/08/2022 13:32,10.5,
09/08/2022 13:37,10.5,
09/08/2022 13:42,10.3,
09/08/2022 13:47,9.6,
09/08/2022 13:52,9,
09/08/2022 13:57,9,
09/08/2022 14:02,9,
09/08/2022 14:07,8.7,
09/08/2022 14:12,8.5,
09/08/2022 14:17,8.3,
09/08/2022 14:22,8,
09/08/2022 14:27,7.6,
09/08/2022 14:32,6.9,
09/08/2022 14:37,6.7,
09/08/2022 14:42,6.5,
09/08/2022 14:47,6.5,
09/08/2022 14:52,6.7,
09/08/2022 14:57,7.1,
09/08/2022 15:02,7.7,
09/08/2022 15:07,8.1,
09/08/2022 15:12,8.1,
09/08/2022 15:17,7.8,
09/08/2022 15:22,7.5,
09/08/2022 15:27,7.4,
09/08/2022 15:32,7.5,
09/08/2022 15:37,7.8,
09/08/2022 15:42,8,
09/08/2022 15:47,8.3,
09/08/2022 15:52,8.8,
09/08/2022 15:57,9.2,
09/08/2022 16:02,9.5,
09/08/2022 16:07,9.8,
09/08/2022 16:12,10.3,
09/08/2022 16:17,10.8,
09/08/2022 16:22,11.1,
09/08/2022 16:27,11.3,
09/08/2022 16:32,11.3,
09/08/2022 16:37,11.2,
09/08/2022 16:42,11.4,
09/08/2022 16:47,11.4,
09/08/2022 16:52,11.5,
09/08/2022 16:57,11.6,
09/08/2022 17:02,11.7,
09/08/2022 17:07,11.8,
09/08/2022 17:12,12,
09/08/2022 17:17,12.3,
09/08/2022 17:22,12.6,
09/08/2022 17:27,12.5,
09/08/2022 17:32,12.3,
09/08/2022 17:37,12,
09/08/2022 17:47,12.2,
09/08/2022 17:52,13,
09/08/2022 17:57,13.8,
09/08/2022 18:02,14.3,
09/08/2022 18:07,14.8,
09/08/2022 18:12,15.5,
09/08/2022 18:17,16.2,
09/08/2022 18:22,16.6,
09/08/2022 18:27,17.5,
09/08/2022 18:32,17.3,
09/08/2022 18:37,17.8,
09/08/2022 18:42,18,
09/08/2022 18:47,18,
09/08/2022 18:52,17.8,
09/08/2022 19:07,17.6,
09/08/2022 19:12,17.9,
09/08/2022 19:17,18.8,
09/08/2022 19:22,19.3,
09/08/2022 19:27,19.2,
09/08/2022 19:32,19.1,
09/08/2022 19:37,18.9,
09/08/2022 19:42,19.8,
09/08/2022 19:47,19.8,
09/08/2022 19:52,19.6,
09/08/2022 19:57,19.3,
09/08/2022 20:02,18.9,
09/08/2022 20:07,18.8,
09/08/2022 20:17,19.2,
09/08/2022 20:22,19.8,
09/08/2022 20:27,20,
09/08/2022 20:32,19.7,
09/08/2022 20:37,19.3,
09/08/2022 20:57,18.9,
09/08/2022 21:02,18.7,
09/08/2022 21:07,18.4,
09/08/2022 21:12,17.9,
09/08/2022 21:17,17.7,
09/08/2022 21:22,17.5,
09/08/2022 21:27,17.7,
09/08/2022 21:32,18,
09/08/2022 21:37,18.2,
09/08/2022 21:42,18.3,
09/08/2022 21:47,18.4,
09/08/2022 21:52,18.3,
09/08/2022 21:57,18.1,
09/08/2022 22:02,17.9,
09/08/2022 22:07,17.6,
09/08/2022 22:12,17.4,
09/08/2022 22:17,17.2,
09/08/2022 22:22,17,
09/08/2022 22:27,16.8,
09/08/2022 22:32,16.5,
09/08/2022 22:37,16.4,
09/08/2022 22:42,16.3,
09/08/2022 22:47,16.2,
09/08/2022 22:52,16,
09/08/2022 22:57,15.7,
09/08/2022 23:02,15.4,
09/08/2022 23:07,15.1,
09/08/2022 23:12,14.8,
09/08/2022 23:17,14.6,
09/08/2022 23:22,14.3,
09/08/2022 23:27,14,
09/08/2022 23:32,14,
09/08/2022 23:37,14,
09/08/2022 23:42,13.9,
09/08/2022 23:47,13.9,
09/08/2022 23:52,13.8,
09/08/2022 23:57,13.6,
09/09/2022 00:02,13.5,
09/09/2022 00:07,13.3,
09/09/2022 00:12,13.2,
09/09/2022 00:17,13,
09/09/2022 00:22,12.9,
09/09/2022 00:27,12.7,
09/09/2022 00:32,12.4,
09/09/2022 00:37,12,
09/09/2022 00:42,11.9,
09/09/2022 00:47,11.7,
09/09/2022 00:52,11.6,
09/09/2022 00:57,11.4,
09/09/2022 01:02,11,
09/09/2022 01:07,10.9,
09/09/2022 01:12,10.8,
09/09/2022 01:17,10.8,
09/09/2022 01:22,10.7,
09/09/2022 01:27,10.4,
09/09/2022 01:32,10.4,
09/09/2022 01:37,10.3,
09/09/2022 01:42,10.2,
09/09/2022 01:47,10.1,
09/09/2022 01:52,9.9,
09/09/2022 01:57,9.8,
09/09/2022 02:02,9.7,
09/09/2022 02:07,9.5,
09/09/2022 02:12,9.4,
09/09/2022 02:17,9.2,
09/09/2022 02:22,9,
09/09/2022 02:27,9,
09/09/2022 02:32,9,
09/09/2022 02:37,9,
09/09/2022 02:42,9.1,
09/09/2022 02:47,9,
09/09/2022 02:52,9,
09/09/2022 02:57,8.9,
09/09/2022 03:02,8.8,
09/09/2022 03:07,8.7,
09/09/2022 03:12,8.6,
09/09/2022 03:17,8.5,
09/09/2022 03:22,8.6,
09/09/2022 03:27,8.7,
09/09/2022 03:32,8.6,
09/09/2022 03:37,8.5,
09/09/2022 03:42,8.4,
09/09/2022 03:47,8.4,
09/09/2022 03:52,8.4,
09/09/2022 03:57,8.4,
09/09/2022 04:02,8.4,
09/09/2022 04:07,8.5,
09/09/2022 04:12,8.5,
09/09/2022 04:17,8.7,
09/09/2022 04:22,8.7,
09/09/2022 04:27,8.8,
09/09/2022 04:32,9,
09/09/2022 04:37,9,
09/09/2022 04:42,8.9,
09/09/2022 04:47,8.5,
09/09/2022 04:52,8.9,
09/09/2022 04:57,9,
09/09/2022 05:02,9,
09/09/2022 05:07,8.8,
09/09/2022 05:12,8.6,
09/09/2022 06:37,8.6,
09/09/2022 06:42,8.4,
09/09/2022 06:47,7.4,
09/09/2022 06:52,7.3,
09/09/2022 06:57,6.9,
09/09/2022 07:02,6.6,
09/09/2022 07:02,6.7,
09/09/2022 07:07,7,
09/09/2022 07:27,7.6,
09/09/2022 07:32,8.9,
09/09/2022 07:37,9.2,
09/09/2022 07:42,9.2,
09/09/2022 07:47,9.3,
09/09/2022 07:52,9.5,
09/09/2022 07:57,10.1,
09/09/2022 08:02,10.6,
09/09/2022 08:07,10.9,
09/09/2022 08:12,11,
09/09/2022 08:17,10.5,
09/09/2022 08:22,10.1,
09/09/2022 08:27,9.4,
09/09/2022 08:32,8.8,
09/09/2022 08:37,8.3,
09/09/2022 08:42,7.9,
09/09/2022 08:47,7.5,
09/09/2022 08:52,7,
09/09/2022 08:57,6.5,
09/09/2022 09:02,6.8,
09/09/2022 09:07,7.4,
09/09/2022 09:12,8.5,
09/09/2022 09:17,9.4,
09/09/2022 09:22,10.1,
09/09/2022 09:27,10.8,
09/09/2022 09:32,11.4,
09/09/2022 09:37,12,
09/09/2022 09:42,12.9,
09/09/2022 09:47,13.6,
09/09/2022 09:52,13.9,
09/09/2022 09:57,13.9,
09/09/2022 10:02,13.9,
09/09/2022 10:07,14,
09/09/2022 10:12,13.9,
09/09/2022 10:17,13.7,
09/09/2022 10:22,12.9,
09/09/2022 10:27,12.2,
09/09/2022 10:32,11.8,
09/09/2022 10:42,11.3,
09/09/2022 10:47,10.8,
09/09/2022 10:52,10.3,
09/09/2022 11:02,9.9,
09/09/2022 11:07,9.6,
09/09/2022 11:12,9.3,
09/09/2022 11:17,8.8,
09/09/2022 11:22,8.8,
09/09/2022 11:27,9,
09/09/2022 11:32,9.5,
09/09/2022 11:37,10,
09/09/2022 11:42,10.9,
09/09/2022 11:47,11.3,
09/09/2022 11:52,11.4,
09/09/2022 11:57,11.4,
09/09/2022 12:02,11.2,
09/09/2022 12:07,11.3,
09/09/2022 12:12,11.5,
09/09/2022 12:17,11.3,
09/09/2022 12:22,10.9,
09/09/2022 12:27,9.9,
09/09/2022 12:32,9.1,
09/09/2022 12:37,8.2,
09/09/2022 12:42,7.4,
09/09/2022 12:47,7.2,
09/09/2022 12:52,6.5,
09/09/2022 12:57,6.2,
09/09/2022 13:02,6,
09/09/2022 13:07,5.8,
09/09/2022 13:12,6.1,
09/09/2022 13:17,6.4,
09/09/2022 13:22,6.7,
09/09/2022 13:27,7.1,
09/09/2022 13:32,7.4,
09/09/2022 13:37,7.4,
09/09/2022 13:42,7.2,
09/09/2022 13:47,6.7,
09/09/2022 13:52,5.7,
09/09/2022 13:57,4.9,
09/09/2022 14:02,4.4,
09/09/2022 14:07,3.9,
09/09/2022 14:12,3.4,
09/09/2022 14:17,3,
09/09/2022 14:22,3,
09/09/2022 14:27,3.3,
09/09/2022 14:32,3.7,
09/09/2022 14:37,3.8,
09/09/2022 14:42,3.9,
09/09/2022 14:47,4.2,
09/09/2022 14:52,5.2,
09/09/2022 14:57,6.2,
09/09/2022 15:02,7.2,
09/09/2022 15:07,7.8,
09/09/2022 15:12,8.6,
09/09/2022 15:17,9.2,
09/09/2022 15:22,9.7,
09/09/2022 15:27,9.9,
09/09/2022 15:32,10.1,
09/09/2022 15:37,9.9,
09/09/2022 15:42,9.5,
09/09/2022 15:47,9.2,
09/09/2022 15:52,8.9,
09/09/2022 15:57,8.7,
09/09/2022 16:02,8.9,
09/09/2022 16:07,9,
09/09/2022 16:12,9.1,
09/09/2022 16:17,9.1,
09/09/2022 16:22,9,
09/09/2022 16:27,8.9,
09/09/2022 16:32,8.9,
09/09/2022 16:37,8.8,
09/09/2022 16:42,8.4,
09/09/2022 16:47,7.8,
09/09/2022 16:52,7.2,
09/09/2022 16:57,7,
09/09/2022 17:02,6.8,
09/09/2022 17:07,6.7,
09/09/2022 17:12,6.6,
09/09/2022 17:17,6.6,
09/09/2022 17:22,6.7,
09/09/2022 17:27,6.8,
09/09/2022 17:32,7,
09/09/2022 17:37,7.5,
09/09/2022 17:42,8.2,
09/09/2022 17:47,8.9,
09/09/2022 17:52,9.2,
09/09/2022 17:57,9.1,
09/09/2022 18:02,9,
09/09/2022 18:07,8.9,
09/09/2022 18:12,9,
09/09/2022 18:17,9.2,
09/09/2022 18:22,9.2,
09/09/2022 18:27,9.4,
09/09/2022 18:32,9.9,
09/09/2022 18:37,10.5,
09/09/2022 18:42,10.8,
09/09/2022 18:47,11.4,
09/09/2022 18:52,11.5,
09/09/2022 18:57,11.7,
09/09/2022 19:02,11.8,
09/09/2022 19:07,11.8,
09/09/2022 19:12,11.7,
09/09/2022 19:17,11.5,
09/09/2022 19:22,11.2,
09/09/2022 19:27,10.6,
09/09/2022 19:32,9.6,
09/09/2022 19:37,8.7,
09/09/2022 19:42,8.5,
09/09/2022 19:47,8,
09/09/2022 19:52,8.4,
09/09/2022 19:57,8.3,
09/09/2022 20:02,8.4,
09/09/2022 20:07,8.3,
09/09/2022 20:12,7.9,
09/09/2022 20:17,7.6,
09/09/2022 20:27,7.8,
09/09/2022 20:32,8.1,
09/09/2022 20:37,8.5,
09/09/2022 20:42,8.8,
09/09/2022 20:47,8.5,
09/09/2022 20:52,7.8,
09/09/2022 20:57,6.7,
09/09/2022 21:02,6,
09/09/2022 21:07,5.8,
09/09/2022 21:12,5.7,
09/09/2022 21:17,5.9,
09/09/2022 21:22,6.2,
09/09/2022 21:27,6.2,
09/09/2022 21:32,6.1,
09/09/2022 21:37,5.8,
09/09/2022 21:42,5.3,
09/09/2022 21:47,4.9,
09/09/2022 21:52,4.6,
09/09/2022 21:57,4.5,
09/09/2022 22:02,4.9,
09/09/2022 22:07,5.6,
09/09/2022 22:12,7,
09/09/2022 22:17,7.6,
09/09/2022 22:22,8.3,
09/09/2022 22:27,8.8,
09/09/2022 22:32,9.3,
09/09/2022 22:37,9.9,
09/09/2022 22:42,10.6,
09/09/2022 22:47,10.9,
09/09/2022 22:52,11,
09/09/2022 22:57,11.2,
09/09/2022 23:02,10.9,
09/09/2022 23:07,10.8,
09/09/2022 23:12,10.7,
09/09/2022 23:17,10.7,
09/09/2022 23:22,11,
09/09/2022 23:27,11.6,
09/09/2022 23:32,11.8,
09/09/2022 23:37,11.7,
09/09/2022 23:42,11.4,
09/09/2022 23:47,11,
09/09/2022 23:52,10.8,
09/09/2022 23:57,10.8,
09/10/2022 00:02,10.8,
09/10/2022 00:07,10.8,
09/10/2022 00:12,10.8,
09/10/2022 00:17,10.8,
09/10/2022 00:22,11,
09/10/2022 00:27,11,
09/10/2022 00:32,10.9,
09/10/2022 00:37,10.8,
09/10/2022 00:42,10.5,
09/10/2022 00:47,10.4,
09/10/2022 00:52,10.2,
09/10/2022 00:57,10,
09/10/2022 01:02,10,
09/10/2022 01:07,9.9,
09/10/2022 01:12,9.9,
09/10/2022 01:17,9.8,
09/10/2022 01:22,9.4,
09/10/2022 01:27,9.2,
09/10/2022 01:32,8.9,
09/10/2022 01:37,8.8,
09/10/2022 01:42,8.8,
09/10/2022 01:47,8.8,
09/10/2022 01:52,8.8,
09/10/2022 01:57,8.9,
09/10/2022 02:02,9,
09/10/2022 02:07,9,
09/10/2022 02:12,9,
09/10/2022 02:17,9,
09/10/2022 02:22,9,
09/10/2022 02:27,9,
09/10/2022 02:32,9,
09/10/2022 02:37,9.1,
09/10/2022 02:42,9.2,
09/10/2022 02:47,9.4,
09/10/2022 02:52,9.4,
09/10/2022 02:57,9.4,
09/10/2022 03:02,9.3,
09/10/2022 03:07,9.2,
09/10/2022 03:12,9.2,
09/10/2022 03:17,9.3,
09/10/2022 03:22,9.3,
09/10/2022 03:27,9.4,
09/10/2022 03:32,9.5,
09/10/2022 03:37,9.6,
09/10/2022 03:42,9.7,
09/10/2022 03:47,9.8,
09/10/2022 03:52,9.9,
09/10/2022 03:57,9.9,
09/10/2022 04:02,9.8,
09/10/2022 04:07,9.9,
09/10/2022 04:12,10,
09/10/2022 04:17,10.2,
09/10/2022 04:22,10.4,
09/10/2022 04:27,10.4,
09/10/2022 04:32,10.5,
09/10/2022 04:37,10.7,
09/10/2022 04:42,10.8,
09/10/2022 04:47,11,
09/10/2022 04:57,11,
09/10/2022 05:02,11.2,
09/10/2022 05:07,11.4,
09/10/2022 05:12,11.4,
09/10/2022 05:17,11.5,
09/10/2022 05:22,11.5,
09/10/2022 05:27,11.5,
09/10/2022 05:32,11.7,
09/10/2022 05:37,11.8,
09/10/2022 05:42,11.8,
09/10/2022 05:47,11.8,
09/10/2022 05:52,11.6,
09/10/2022 05:57,11.7,
09/10/2022 06:02,11.9,
09/10/2022 06:07,12.3,
09/10/2022 06:12,12.3,
09/10/2022 06:17,12.2,
09/10/2022 06:22,11.8,
09/10/2022 06:27,11.5,
09/10/2022 06:32,11.6,
09/10/2022 06:37,11.5,
09/10/2022 06:42,11.5,
09/10/2022 06:47,11.4,
09/10/2022 06:52,11.3,
09/10/2022 06:57,11.2,
09/10/2022 07:02,11.1,
09/10/2022 07:07,10.9,
09/10/2022 07:12,10.5,
09/10/2022 07:17,10.5,
09/10/2022 07:22,10.9,
09/10/2022 07:27,12.4,
09/10/2022 07:32,12.5,
09/10/2022 07:37,12.4,
09/10/2022 07:42,11.9,
09/10/2022 07:47,11.5,
09/10/2022 07:52,11.7,
09/10/2022 07:57,11.9,
09/10/2022 08:02,12.5,
09/10/2022 08:07,13.2,
09/10/2022 08:12,13.6,
09/10/2022 08:17,13.9,
09/10/2022 08:22,14,
09/10/2022 08:27,13.9,
09/10/2022 08:32,13.8,
09/10/2022 08:37,13.5,
09/10/2022 08:42,13.1,
09/10/2022 08:47,12.6,
09/10/2022 08:52,11.9,
09/10/2022 08:57,11.4,
09/10/2022 09:02,11,
09/10/2022 09:07,10.5,
09/10/2022 09:12,10.2,
09/10/2022 09:17,10,
09/10/2022 09:22,9.9,
09/10/2022 09:27,10.4,
09/10/2022 09:32,11,
09/10/2022 09:37,12.3,
09/10/2022 09:42,13.2,
09/10/2022 09:47,13.7,
09/10/2022 09:52,14.1,
09/10/2022 09:57,14.4,
09/10/2022 10:02,14,
09/10/2022 10:07,13.7,
09/10/2022 10:12,13.4,
09/10/2022 10:17,13.3,
09/10/2022 10:22,12.6,
09/10/2022 10:27,12,
09/10/2022 10:32,11.3,
09/10/2022 10:37,10.9,
09/10/2022 10:42,10.5,
09/10/2022 10:47,10,
09/10/2022 10:57,9.6,
09/10/2022 11:02,9,
09/10/2022 11:07,8.4,
09/10/2022 11:12,7.8,
09/10/2022 11:17,7.4,
09/10/2022 11:22,7,
09/10/2022 11:27,6.7,
09/10/2022 11:32,6.8,
09/10/2022 11:37,7.3,
09/10/2022 11:42,7.9,
09/10/2022 11:47,9.2,
09/10/2022 11:52,9.8,
09/10/2022 11:57,10.3,
09/10/2022 12:02,10.4,
09/10/2022 12:07,10,
09/10/2022 12:12,9.4,
09/10/2022 12:17,8.4,
09/10/2022 12:22,7.8,
09/10/2022 12:27,7.3,
09/10/2022 12:32,6.7,
09/10/2022 12:37,6.1,
09/10/2022 12:42,5.6,
09/10/2022 12:47,5.3,
09/10/2022 12:52,5.4,
09/10/2022 12:57,5.9,
09/10/2022 13:02,6.4,
09/10/2022 13:07,6.7,
09/10/2022 13:12,6.7,
09/10/2022 13:17,6.7,
09/10/2022 13:22,6.8,
09/10/2022 13:27,6.8,
09/10/2022 13:32,7,
09/10/2022 13:37,7,
09/10/2022 13:42,6.8,
09/10/2022 13:47,6.5,
09/10/2022 13:52,6.1,
09/10/2022 13:57,5.7,
09/10/2022 14:02,5.6,
09/10/2022 14:07,5.4,
09/10/2022 14:12,5.5,
09/10/2022 14:17,5.5,
09/10/2022 14:22,5.9,
09/10/2022 14:27,6.1,
09/10/2022 14:32,6.2,
09/10/2022 14:37,6.4,
09/10/2022 14:42,6.5,
09/10/2022 14:47,6.7,
09/10/2022 14:57,6.9,
09/10/2022 15:02,7,
09/10/2022 15:07,7.2,
09/10/2022 15:12,7.4,
09/10/2022 15:17,7.3,
09/10/2022 15:22,7.2,
09/10/2022 15:27,7.3,
09/10/2022 15:32,7.5,
09/10/2022 15:37,7.8,
09/10/2022 15:42,8,
09/10/2022 15:47,8.2,
09/10/2022 15:52,8.1,
09/10/2022 15:57,8.3,
09/10/2022 16:02,8.8,
09/10/2022 16:07,10,
09/10/2022 16:12,10.4,
09/10/2022 16:17,10.3,
09/10/2022 16:22,10.3,
09/10/2022 16:27,9.7,
09/10/2022 16:32,9.3,
09/10/2022 16:37,8.8,
09/10/2022 16:42,8.2,
09/10/2022 16:47,8,
09/10/2022 16:52,7.9,
09/10/2022 16:57,8.2,
09/10/2022 17:02,8.4,
09/10/2022 17:07,8.6,
09/10/2022 17:12,8.7,
09/10/2022 17:17,8.6,
09/10/2022 17:22,8.4,
09/10/2022 17:27,8.3,
09/10/2022 17:32,8.2,
09/10/2022 17:37,8.3,
09/10/2022 17:42,8.5,
09/10/2022 17:47,8.9,
09/10/2022 17:52,9.3,
09/10/2022 17:57,9.4,
09/10/2022 18:02,9.5,
09/10/2022 18:07,9.7,
09/10/2022 18:12,9.8,
09/10/2022 18:17,9.8,
09/10/2022 18:22,9.7,
09/10/2022 18:27,9.7,
09/10/2022 18:32,9.7,
09/10/2022 18:37,9.8,
09/10/2022 18:42,10,
09/10/2022 18:47,10,
09/10/2022 18:52,11.4,
09/10/2022 18:57,12,
09/10/2022 19:02,11.4,
09/10/2022 19:07,11.3,
09/10/2022 19:12,11.5,
09/10/2022 19:17,11.8,
09/10/2022 19:37,12.7,
09/10/2022 19:42,13.3,
09/10/2022 20:02,13.8,
09/10/2022 20:12,14.2,
09/10/2022 20:17,14.2,
09/10/2022 20:22,14.4,
09/10/2022 20:27,14.7,
09/10/2022 20:32,14.4,
09/10/2022 20:37,14.5,
09/10/2022 20:42,14.5,
09/10/2022 20:42,14.8,
09/10/2022 20:47,14.1,
09/10/2022 20:52,13.2,
09/10/2022 20:57,12.4,
09/10/2022 21:02,11.9,
09/10/2022 21:07,11.5,
09/10/2022 21:12,11.3,
09/10/2022 21:17,11.1,
09/10/2022 21:22,11.1,
09/10/2022 21:27,11.4,
09/10/2022 21:32,11.9,
09/10/2022 21:37,12.4,
09/10/2022 21:42,12.8,
09/10/2022 21:47,12.8,
09/10/2022 21:52,12.7,
09/10/2022 21:57,12.7,
09/10/2022 22:02,12.8,
09/10/2022 22:07,13,
09/10/2022 22:12,13.2,
09/10/2022 22:17,13.2,
09/10/2022 22:22,13.2,
09/10/2022 22:27,13.3,
09/10/2022 22:32,13.2,
09/10/2022 22:37,13,
09/10/2022 22:42,12.8,
09/10/2022 22:47,12.4,
09/10/2022 22:52,12,
09/10/2022 22:57,11.8,
09/10/2022 23:02,11.6,
09/10/2022 23:07,11.5,
09/10/2022 23:12,11.3,
09/10/2022 23:17,11.2,
09/10/2022 23:22,11,
09/10/2022 23:27,11,
09/10/2022 23:32,10.9,
09/10/2022 23:37,10.6,
09/10/2022 23:42,10.4,
09/10/2022 23:47,10.2,
09/10/2022 23:52,9.5,
09/10/2022 23:52,9.8,
09/10/2022 23:57,9.3,
09/11/2022 00:07,9,
09/11/2022 00:12,8.9,
09/11/2022 00:17,8.8,
09/11/2022 00:22,8.7,
09/11/2022 00:27,8.6,
09/11/2022 00:32,8.4,
09/11/2022 00:37,8.4,
09/11/2022 00:42,8.3,
09/11/2022 00:47,8.2,
09/11/2022 00:52,7.8,
09/11/2022 00:57,7.3,
09/11/2022 01:02,7.2,
09/11/2022 01:07,7,
09/11/2022 01:12,7.2,
09/11/2022 01:17,7.3,
09/11/2022 01:22,7.2,
09/11/2022 01:27,7.2,
09/11/2022 01:32,7,
09/11/2022 01:37,6.9,
09/11/2022 01:42,6.8,
09/11/2022 01:47,6.7,
09/11/2022 01:52,6.7,
09/11/2022 01:57,6.6,
09/11/2022 02:02,6.7,
09/11/2022 02:07,6.7,
09/11/2022 02:12,6.8,
09/11/2022 02:17,6.7,
09/11/2022 02:22,6.5,
09/11/2022 02:27,6.2,
09/11/2022 02:32,6.1,
09/11/2022 02:37,6.1,
09/11/2022 02:42,5.9,
09/11/2022 02:47,5.8,
09/11/2022 02:52,5.7,
09/11/2022 02:57,5.6,
09/11/2022 03:02,5.6,
09/11/2022 03:07,5.6,
09/11/2022 03:12,5.6,
09/11/2022 03:17,5.4,
09/11/2022 03:22,5.3,
09/11/2022 03:27,4.9,
09/11/2022 03:32,4.6,
09/11/2022 03:37,4.4,
09/11/2022 03:42,4.5,
09/11/2022 03:47,4.4,
09/11/2022 03:52,4.2,
09/11/2022 03:57,3.7,
09/11/2022 04:02,3.4,
09/11/2022 04:07,3.3,
09/11/2022 04:12,3.4,
09/11/2022 04:17,3.7,
09/11/2022 04:22,3.8,
09/11/2022 04:27,3.9,
09/11/2022 04:32,3.8,
09/11/2022 04:37,3.8,
09/11/2022 04:42,3.7,
09/11/2022 04:47,3.7,
09/11/2022 04:52,3.7,
09/11/2022 04:57,3.7,
09/11/2022 05:02,3.7,
09/11/2022 05:07,3.9,
09/11/2022 05:12,4,
09/11/2022 05:17,4.1,
09/11/2022 05:22,4.1,
09/11/2022 05:27,4.2,
09/11/2022 05:32,4.3,
09/11/2022 05:37,4.2,
09/11/2022 05:42,4.1,
09/11/2022 05:47,4,
09/11/2022 05:52,3.8,
09/11/2022 05:57,3.8,
09/11/2022 06:02,3.9,
09/11/2022 06:07,4.2,
09/11/2022 06:12,4.5,
09/11/2022 06:17,4.8,
09/11/2022 06:22,4.7,
09/11/2022 06:27,4.6,
09/11/2022 06:32,4.3,
09/11/2022 06:37,4.2,
09/11/2022 06:42,4.2,
09/11/2022 06:47,4.3,
09/11/2022 06:52,4.3,
09/11/2022 06:57,4.3,
09/11/2022 07:02,4.3,
09/11/2022 07:07,4.2,
09/11/2022 07:12,4.1,
09/11/2022 07:17,4,
09/11/2022 07:22,4.1,
09/11/2022 07:27,4.3,
09/11/2022 07:32,4.9,
09/11/2022 07:37,5.4,
09/11/2022 07:42,5.6,
09/11/2022 07:47,5.6,
09/11/2022 07:52,5.2,
09/11/2022 07:57,5.1,
09/11/2022 08:02,5.3,
09/11/2022 08:07,6.1,
09/11/2022 08:12,6.2,
09/11/2022 08:17,5.9,
09/11/2022 08:22,5.7,
09/11/2022 08:27,5.3,
09/11/2022 08:32,4.9,
09/11/2022 08:42,4.7,
09/11/2022 08:47,4.9,
09/11/2022 08:57,5.3,
09/11/2022 09:02,6,
09/11/2022 09:07,6.8,
09/11/2022 09:12,7.3,
09/11/2022 09:17,7.9,
09/11/2022 09:22,8.4,
09/11/2022 09:27,8.8,
09/11/2022 09:32,9.3,
09/11/2022 09:37,9.9,
09/11/2022 09:42,10.4,
09/11/2022 09:47,10.5,
09/11/2022 09:52,10.9,
09/11/2022 09:57,11.2,
09/11/2022 10:02,11.2,
09/11/2022 10:07,11.3,
09/11/2022 10:12,11.2,
09/11/2022 10:17,10.9,
09/11/2022 10:22,10.7,
09/11/2022 10:27,10.5,
09/11/2022 10:32,10.5,
09/11/2022 10:37,10.7,
09/11/2022 10:42,10.8,
09/11/2022 10:47,10.8,
09/11/2022 10:52,10.8,
09/11/2022 10:57,10.6,
09/11/2022 11:02,10.5,
09/11/2022 11:07,10.4,
09/11/2022 11:12,10.1,
09/11/2022 11:17,10,
09/11/2022 11:22,10.1,
09/11/2022 11:27,10.2,
09/11/2022 11:32,10.3,
09/11/2022 11:37,10.5,
09/11/2022 11:42,10.9,
09/11/2022 11:47,11.7,
09/11/2022 11:52,12.4,
09/11/2022 11:57,13.4,
09/11/2022 12:02,14,
09/11/2022 12:07,14,
09/11/2022 12:12,14.4,
09/11/2022 12:17,14.8,
09/11/2022 12:22,15.2,
09/11/2022 12:27,16.5,
09/11/2022 12:32,16.7,
09/11/2022 12:37,16.7,
09/11/2022 12:42,16.4,
09/11/2022 12:47,16.2,
09/11/2022 12:52,16,
09/11/2022 13:07,15.9,
09/11/2022 13:12,15.8,
09/11/2022 13:17,15.8,
09/11/2022 13:22,15.9,
09/11/2022 13:27,15.8,
09/11/2022 13:32,15.6,
09/11/2022 13:37,15.2,
09/11/2022 13:42,15,
09/11/2022 13:47,14.9,
09/11/2022 13:52,14.8,
09/11/2022 13:57,14.5,
09/11/2022 14:02,14.4,
09/11/2022 14:07,14.2,
09/11/2022 14:12,14.3,
09/11/2022 14:17,14.6,
09/11/2022 14:22,14.8,
09/11/2022 14:27,14.7,
09/11/2022 14:32,14.7,
09/11/2022 14:37,14.8,
09/11/2022 14:42,14.8,
09/11/2022 14:47,14.9,
09/11/2022 14:52,12,
09/11/2022 14:57,12,
09/11/2022 15:02,12.3,
09/11/2022 15:07,12.6,
09/11/2022 15:12,12.8,
09/11/2022 15:17,13,
09/11/2022 18:30,13.2,
09/11/2022 18:35,13,
09/11/2022 18:40,12.9,
09/11/2022 18:45,12.8,
09/11/2022 18:50,12.8,
09/11/2022 18:55,12.9,
09/11/2022 19:00,12.8,
09/11/2022 19:05,12.8,
09/11/2022 19:10,12.8,
09/11/2022 19:15,13,
09/11/2022 19:20,13.4,
09/11/2022 19:25,14.1,
09/11/2022 19:30,14.3,
09/11/2022 19:35,14.3,
09/11/2022 19:40,14,
09/11/2022 19:45,13.7,
09/11/2022 19:50,13.3,
09/11/2022 19:55,12.4,
09/11/2022 20:00,11.7,
09/11/2022 20:05,11,
09/11/2022 20:10,9.6,
09/11/2022 20:15,8.9,
09/11/2022 20:20,8.7,
09/11/2022 20:25,8.7,
09/11/2022 20:30,8.5,
09/11/2022 20:35,8.4,
09/11/2022 20:50,8.1,
09/11/2022 21:00,7.7,
09/11/2022 21:05,7.1,
09/11/2022 21:10,6.9,
09/11/2022 21:15,7.2,
09/11/2022 21:20,7.7,
09/11/2022 21:25,8.2,
09/11/2022 21:30,8.8,
09/11/2022 21:35,9.1,
09/11/2022 21:40,9.4,
09/11/2022 21:45,9.6,
09/11/2022 21:50,9.7,
09/11/2022 21:55,9.6,
09/11/2022 22:00,9.4,
09/11/2022 22:05,9.4,
09/11/2022 22:10,9.4,
09/11/2022 22:15,9.3,
09/11/2022 22:20,9,
09/11/2022 22:25,8.8,
09/11/2022 22:30,8.5,
09/11/2022 22:35,10.4,
09/11/2022 22:40,11.3,
09/11/2022 22:45,11.4,
09/11/2022 22:50,11.5,
09/11/2022 22:55,11.4,
09/11/2022 23:00,11.3,
09/11/2022 23:05,11,
09/11/2022 23:10,10.8,
09/11/2022 23:15,10.5,
09/11/2022 23:20,10.1,
09/11/2022 23:25,9.7,
09/11/2022 23:30,9.4,
09/11/2022 23:35,9.5,
09/11/2022 23:40,9.6,
09/11/2022 23:45,9.6,
09/11/2022 23:50,9.7,
09/11/2022 23:55,9.6,
09/12/2022 00:00,9.5,
09/12/2022 00:05,9.4,
09/12/2022 00:10,9.3,
09/12/2022 00:15,9.3,
09/12/2022 00:20,9.1,
09/12/2022 00:25,8.5,
09/12/2022 00:30,8.4,
09/12/2022 00:35,8.3,
09/12/2022 00:40,8.4,
09/12/2022 00:45,8.4,
09/12/2022 00:50,8.2,
09/12/2022 00:55,8,
09/12/2022 01:00,7.9,
09/12/2022 01:05,7.7,
09/12/2022 01:10,7.7,
09/12/2022 01:15,7.5,
09/12/2022 01:20,7.4,
09/12/2022 01:25,7.1,
09/12/2022 01:30,6.9,
09/12/2022 01:35,6.8,
09/12/2022 01:40,6.7,
09/12/2022 01:45,6.4,
09/12/2022 01:50,6.2,
09/12/2022 01:55,6,
09/12/2022 02:00,5.9,
09/12/2022 02:05,5.6,
09/12/2022 02:10,5.2,
09/12/2022 02:15,5,
09/12/2022 02:20,5,
09/12/2022 02:25,6.5,
09/12/2022 02:30,7.3,
09/12/2022 02:35,7.3,
09/12/2022 02:40,7.3,
09/12/2022 02:45,7.2,
09/12/2022 02:50,7.2,
09/12/2022 02:55,7.1,
09/12/2022 03:00,6.9,
09/12/2022 03:05,6.9,
09/12/2022 03:10,6.8,
09/12/2022 03:15,6.7,
09/12/2022 03:20,6.7,
09/12/2022 03:25,6.7,
09/12/2022 03:30,6.6,
09/12/2022 03:35,6.4,
09/12/2022 03:40,6.1,
09/12/2022 03:45,5.7,
09/12/2022 03:50,5.7,
09/12/2022 03:55,5.9,
09/12/2022 04:00,5.9,
09/12/2022 04:05,6.2,
09/12/2022 04:10,6.6,
09/12/2022 04:15,6.7,
09/12/2022 04:20,6.8,
09/12/2022 04:25,6.6,
09/12/2022 04:30,6.4,
09/12/2022 04:35,6.2,
09/12/2022 04:40,6.2,
09/12/2022 04:45,6.2,
09/12/2022 04:50,6.3,
09/12/2022 04:55,6.5,
09/12/2022 05:00,6.6,
09/12/2022 05:05,6.7,
09/12/2022 05:10,6.8,
09/12/2022 05:15,6.9,
09/12/2022 05:20,7.1,
09/12/2022 05:25,7.2,
09/12/2022 05:30,7.3,
09/12/2022 05:35,7.3,
09/12/2022 05:40,7.2,
09/12/2022 05:45,7.1,
09/12/2022 05:50,6.8,
09/12/2022 05:55,6.6,
09/12/2022 06:00,6.5,
09/12/2022 06:05,6.7,
09/12/2022 06:10,6.9,
09/12/2022 06:15,7.2,
09/12/2022 06:20,7.3,
09/12/2022 06:25,7.2,
09/12/2022 06:30,7.2,
09/12/2022 06:35,7.3,
09/12/2022 06:40,7.4,
09/12/2022 06:45,7.8,
09/12/2022 06:50,7.8,
09/12/2022 06:55,7.3,
09/12/2022 07:00,7,
09/12/2022 07:05,7,
09/12/2022 07:10,7.2,
09/12/2022 07:25,7.5,
09/12/2022 07:30,8.1,
09/12/2022 07:40,8.4,
09/12/2022 07:45,8.6,
09/12/2022 07:50,8.4,
09/12/2022 07:55,8.4,
09/12/2022 08:00,8.4,
09/12/2022 08:05,8.6,
09/12/2022 08:10,8.8,
09/12/2022 08:15,9,
09/12/2022 08:20,9.3,
09/12/2022 08:25,9.2,
09/12/2022 08:30,9,
09/12/2022 08:35,8.8,
09/12/2022 08:40,8.7,
09/12/2022 08:45,8.7,
09/12/2022 08:50,9,
09/12/2022 08:55,9.5,
09/12/2022 09:00,10.2,
09/12/2022 09:05,10.7,
09/12/2022 09:10,10.9,
09/12/2022 09:15,11.2,
09/12/2022 09:20,11.4,
09/12/2022 09:25,11.7,
09/12/2022 09:30,12,
09/12/2022 09:35,11.9,
09/12/2022 09:40,11.9,
09/12/2022 09:45,12,
09/12/2022 09:50,12.2,
09/12/2022 09:55,12.5,
09/12/2022 10:00,12.7,
09/12/2022 10:05,12.8,
09/12/2022 10:10,12.7,
09/12/2022 10:15,12.6,
09/12/2022 10:20,12.7,
09/12/2022 10:25,12.7,
09/12/2022 10:30,12.8,
09/12/2022 10:35,12.9,
09/12/2022 10:40,13,
09/12/2022 10:45,13,
09/12/2022 10:50,12.5,
09/12/2022 10:55,11.9,
09/12/2022 11:00,11.3,
09/12/2022 11:05,10.9,
09/12/2022 11:10,11,
09/12/2022 11:15,11.2,
09/12/2022 11:25,11.6,
09/12/2022 11:30,12,
09/12/2022 11:35,12.6,
09/12/2022 11:40,12.4,
09/12/2022 11:45,12,
09/12/2022 11:50,11.2,
09/12/2022 11:55,10.6,
09/12/2022 12:00,10.1,
09/12/2022 12:05,9.5,
09/12/2022 12:10,9.3,
09/12/2022 12:15,8.8,
09/12/2022 12:20,8.4,
09/12/2022 12:25,8.5,
09/12/2022 12:30,8.9,
09/12/2022 12:35,9.3,
09/12/2022 12:40,9.4,
09/12/2022 12:45,9.4,
09/12/2022 12:50,9.4,
09/12/2022 12:55,9.5,
09/12/2022 13:00,9.5,
09/12/2022 13:05,9.4,
09/12/2022 13:10,9.1,
09/12/2022 13:15,8.3,
09/12/2022 13:20,7.2,
09/12/2022 13:25,6.7,
09/12/2022 13:30,6.1,
09/12/2022 13:35,5.6,
09/12/2022 13:40,5.2,
09/12/2022 13:45,4.8,
09/12/2022 13:50,4.3,
09/12/2022 13:55,3.9,
09/12/2022 14:00,3.8,
09/12/2022 14:05,3.6,
09/12/2022 14:10,3.7,
09/12/2022 14:15,3.8,
09/12/2022 14:20,4,
09/12/2022 14:25,4.2,
09/12/2022 14:30,4.4,
09/12/2022 14:35,4.8,
09/12/2022 14:40,5.1,
09/12/2022 14:45,5,
09/12/2022 14:50,4.7,
09/12/2022 14:55,4.3,
09/12/2022 15:00,3.8,
09/12/2022 15:05,3.6,
09/12/2022 15:10,3.9,
09/12/2022 15:15,4.1,
09/12/2022 15:20,4.2,
09/12/2022 15:25,4.3,
09/12/2022 15:30,4.7,
09/12/2022 15:35,5.1,
09/12/2022 15:40,5.7,
09/12/2022 15:45,6.1,
09/12/2022 15:50,6.6,
09/12/2022 15:55,7.3,
09/12/2022 16:00,8,
09/12/2022 16:05,8.9,
09/12/2022 16:10,9.5,
09/12/2022 16:15,10.4,
09/12/2022 16:20,10.7,
09/12/2022 16:25,11,
09/12/2022 16:30,11,
09/12/2022 16:35,10.9,
09/12/2022 16:40,11.1,
09/12/2022 16:45,11.3,
09/12/2022 16:50,11.3,
09/12/2022 16:55,11,
09/12/2022 17:00,10.9,
09/12/2022 17:05,11.3,
09/12/2022 17:10,11.8,
09/12/2022 17:15,12,
09/12/2022 17:20,12,
09/12/2022 17:25,12.1,
09/12/2022 17:30,12.1,
09/12/2022 17:35,12.3,
09/12/2022 17:40,12.2,
09/12/2022 17:45,11.8,
09/12/2022 17:50,11.5,
09/12/2022 17:55,11.3,
09/12/2022 18:00,11.3,
09/12/2022 18:05,11.4,
09/12/2022 18:10,11.4,
09/12/2022 18:15,11.3,
09/12/2022 18:20,10.9,
09/12/2022 18:25,10.5,
09/12/2022 18:30,10,
09/12/2022 18:35,10.1,
09/12/2022 18:40,10.3,
09/12/2022 18:45,10.5,
09/12/2022 18:50,10.5,
09/12/2022 18:55,10.4,
09/12/2022 19:05,10.4,
09/12/2022 19:10,10.4,
09/12/2022 19:15,10.4,
09/12/2022 19:20,10.6,
09/12/2022 19:25,10.8,
09/12/2022 19:30,10.6,
09/12/2022 19:35,10.4,
09/12/2022 19:40,10.4,
09/12/2022 19:45,10.5,
09/12/2022 19:50,10.7,
09/12/2022 19:55,10.7,
09/12/2022 20:00,10.5,
09/12/2022 20:05,9.9,
09/12/2022 20:10,9,
09/12/2022 20:15,8.3,
09/12/2022 20:20,7.7,
09/12/2022 20:25,7.3,
09/12/2022 20:30,7.2,
09/12/2022 20:35,7.2,
09/12/2022 20:40,7.4,
09/12/2022 20:45,7.5,
09/12/2022 20:50,7.7,
09/12/2022 20:55,7.9,
09/12/2022 21:00,8,
09/12/2022 21:05,8,
09/12/2022 21:10,7.9,
09/12/2022 21:15,7.6,
09/12/2022 21:20,7.3,
09/12/2022 21:25,7.2,
09/12/2022 21:30,7,
09/12/2022 21:35,6.8,
09/12/2022 21:40,6.8,
09/12/2022 21:45,6.5,
09/12/2022 21:50,6.3,
09/12/2022 21:55,6.1,
09/12/2022 22:00,5.8,
09/12/2022 22:05,5.5,
09/12/2022 22:10,5.2,
09/12/2022 22:15,4.9,
09/12/2022 22:20,4.7,
09/12/2022 22:25,4.5,
09/12/2022 22:30,4.3,
09/12/2022 22:35,4.3,
09/12/2022 22:40,4.4,
09/12/2022 22:45,4.8,
09/12/2022 22:50,5.7,
09/12/2022 22:55,6.9,
09/12/2022 23:00,7.6,
09/12/2022 23:05,8.1,
09/12/2022 23:10,8.3,
09/12/2022 23:15,8.4,
09/12/2022 23:20,8,
09/12/2022 23:25,7.7,
09/12/2022 23:30,7.4,
09/12/2022 23:35,7.2,
09/12/2022 23:40,7.2,
09/12/2022 23:45,7.3,
09/12/2022 23:50,7.4,
09/12/2022 23:55,7.4,
09/13/2022 00:00,7.4,
09/13/2022 00:05,7.3,
09/13/2022 00:10,7.2,
09/13/2022 00:15,7.1,
09/13/2022 00:35,6.8,
09/13/2022 00:40,6.5,
09/13/2022 00:45,6.3,
09/13/2022 00:50,6.2,
09/13/2022 00:55,6.3,
09/13/2022 01:00,6.3,
09/13/2022 01:05,6.7,
09/13/2022 01:10,7.4,
09/13/2022 01:15,8.9,
09/13/2022 01:20,10.1,
09/13/2022 01:25,10.8,
09/13/2022 01:30,11.1,
09/13/2022 01:35,11.3,
09/13/2022 01:40,11.3,
09/13/2022 01:45,10.9,
09/13/2022 01:50,10.7,
09/13/2022 01:55,10.6,
09/13/2022 02:00,10.8,
09/13/2022 02:05,11,
09/13/2022 02:10,11.1,
09/13/2022 02:15,11,
09/13/2022 02:20,10.7,
09/13/2022 02:25,10.2,
09/13/2022 02:30,9.9,
09/13/2022 02:35,9.5,
09/13/2022 02:40,9.5,
09/13/2022 02:45,9.5,
09/13/2022 02:50,9.6,
09/13/2022 02:55,9.7,
09/13/2022 03:00,9.7,
09/13/2022 03:05,9.7,
09/13/2022 03:10,9.8,
09/13/2022 03:15,9.8,
09/13/2022 03:20,9.9,
09/13/2022 03:25,9.9,
09/13/2022 03:30,9.7,
09/13/2022 03:35,9.2,
09/13/2022 03:40,9,
09/13/2022 03:45,9.1,
09/13/2022 03:50,9.3,
09/13/2022 03:55,9.4,
09/13/2022 04:00,9.3,
09/13/2022 04:05,9.3,
09/13/2022 04:10,9.3,
09/13/2022 04:15,9.3,
09/13/2022 04:20,9.4,
09/13/2022 04:25,9.4,
09/13/2022 04:30,9.4,
09/13/2022 04:35,9.4,
09/13/2022 04:40,9.3,
09/13/2022 04:45,9.2,
09/13/2022 04:50,9,
09/13/2022 04:55,9,
09/13/2022 05:00,9,
09/13/2022 05:05,9,
09/13/2022 05:10,9,
09/13/2022 05:15,9,
09/13/2022 05:20,9.2,
09/13/2022 05:25,9.2,
09/13/2022 05:30,9.3,
09/13/2022 05:35,9.4,
09/13/2022 05:40,9.6,
09/13/2022 05:45,9.8,
09/13/2022 05:50,9.7,
09/13/2022 05:55,9.8,
09/13/2022 06:00,9.8,
09/13/2022 06:05,9.7,
09/13/2022 06:10,9.8,
09/13/2022 06:15,9.9,
09/13/2022 06:20,9.9,
09/13/2022 06:25,12.7,
09/13/2022 06:30,12.7,
09/13/2022 06:35,12.5,
09/13/2022 06:40,12.2,
09/13/2022 06:45,11.7,
09/13/2022 06:50,11.4,
09/13/2022 07:10,11.7,
09/13/2022 07:15,12.2,
09/13/2022 07:20,14.4,
09/13/2022 07:25,14.9,
09/13/2022 07:30,15.3,
09/13/2022 07:35,15.4,
09/13/2022 07:40,15.7,
09/13/2022 07:45,16,
09/13/2022 07:55,15.7,
09/13/2022 08:00,15.4,
09/13/2022 08:05,14.8,
09/13/2022 08:10,13.8,
09/13/2022 08:15,13.2,
09/13/2022 08:20,12.6,
09/13/2022 08:25,11.9,
09/13/2022 08:30,11.6,
09/13/2022 08:35,11.1,
09/13/2022 08:40,10.6,
09/13/2022 08:45,10.2,
09/13/2022 08:50,9.7,
09/13/2022 08:55,9,
09/13/2022 09:00,8.9,
09/13/2022 09:05,9.2,
09/13/2022 09:10,9.7,
09/13/2022 09:15,10,
09/13/2022 09:20,10.2,
09/13/2022 09:25,10.5,
09/13/2022 09:30,10.5,
09/13/2022 09:35,10.3,
09/13/2022 09:40,9.2,
09/13/2022 09:45,9.2,
09/13/2022 09:50,9.4,
09/13/2022 10:00,9.4,
09/13/2022 10:05,9.5,
09/13/2022 10:10,9.5,
09/13/2022 10:25,9.3,
09/13/2022 10:30,9.2,
09/13/2022 10:35,9,
09/13/2022 10:40,8.4,
09/13/2022 10:45,7.9,
09/13/2022 10:50,6.8,
09/13/2022 10:55,6.2,
09/13/2022 11:00,5.5,
09/13/2022 11:05,5,
09/13/2022 11:15,4.9,
09/13/2022 11:20,5.4,
09/13/2022 11:30,6.2,
09/13/2022 11:35,6.4,
09/13/2022 11:40,6.2,
09/13/2022 11:45,6,
09/13/2022 11:50,6.2,
09/13/2022 11:55,6.9,
09/13/2022 12:00,8.2,
09/13/2022 12:05,9.2,
09/13/2022 12:10,9.8,
09/13/2022 12:15,10.2,
09/13/2022 12:20,10.3,
09/13/2022 12:25,10.4,
09/13/2022 12:30,10.6,
09/13/2022 12:35,11.2,
09/13/2022 12:40,11.5,
09/13/2022 12:45,11.6,
09/13/2022 12:50,11.8,
09/13/2022 12:55,11.8,
09/13/2022 13:00,12.9,
09/13/2022 13:05,13.3,
09/13/2022 13:10,13.7,
09/13/2022 13:15,14,
09/13/2022 13:20,14.2,
09/13/2022 13:25,13.9,
09/13/2022 13:35,13.7,
09/13/2022 13:40,13.5,
09/13/2022 13:45,13.4,
09/13/2022 13:50,13.3,
09/13/2022 13:55,12.9,
09/13/2022 14:00,12.5,
09/13/2022 14:05,12.6,
09/13/2022 14:10,12.9,
09/13/2022 14:15,13.2,
09/13/2022 14:20,13.4,
09/13/2022 14:25,13.5,
09/13/2022 14:30,13.4,
09/13/2022 14:35,13.4,
09/13/2022 14:40,13.3,
09/13/2022 14:45,13,
09/13/2022 14:50,13,
09/13/2022 14:55,12.9,
09/13/2022 15:00,12.4,
09/13/2022 15:05,12.3,
09/13/2022 15:10,11.9,
09/13/2022 15:15,11.3,
09/13/2022 15:20,10.9,
09/13/2022 15:25,10.7,
09/13/2022 15:30,10.6,
09/13/2022 15:35,10.4,
09/13/2022 15:40,10.2,
09/13/2022 15:45,9.8,
09/13/2022 15:50,9.4,
09/13/2022 15:55,9.2,
09/13/2022 16:00,8.8,
09/13/2022 16:05,8.3,
09/13/2022 16:10,8,
09/13/2022 16:15,7.5,
09/13/2022 16:20,6.9,
09/13/2022 16:25,6.3,
09/13/2022 16:30,6.4,
09/13/2022 16:35,6.5,
09/13/2022 16:40,7.2,
09/13/2022 16:45,7.4,
09/13/2022 16:50,7.5,
09/13/2022 16:55,7.2,
09/13/2022 17:00,6.4,
09/13/2022 17:05,5.1,
09/13/2022 17:15,4.6,
09/13/2022 17:20,4.3,
09/13/2022 17:25,4.2,
09/13/2022 17:30,4.3,
09/13/2022 17:35,4.3,
09/13/2022 17:40,4.6,
09/13/2022 17:45,4.8,
09/13/2022 17:50,4.9,
09/13/2022 17:55,5,
09/13/2022 18:00,5.2,
09/13/2022 18:05,5.4,
09/13/2022 18:10,5.5,
09/13/2022 18:15,5.5,
09/13/2022 18:20,5.4,
09/13/2022 18:25,5.3,
09/13/2022 18:30,5.3,
09/13/2022 18:35,5.4,
09/13/2022 18:40,5.7,
09/13/2022 18:45,6.4,
09/13/2022 18:50,6.7,
09/13/2022 18:55,7.1,
09/13/2022 19:00,6.9,
09/13/2022 19:05,6.5,
09/13/2022 19:10,6.3,
09/13/2022 19:15,6.2,
09/13/2022 19:20,6.2,
09/13/2022 19:25,6.3,
09/13/2022 19:30,6.5,
09/13/2022 19:35,6.9,
09/13/2022 19:40,7.6,
09/13/2022 19:45,7.9,
09/13/2022 19:50,8.1,
09/13/2022 19:55,8.2,
09/13/2022 20:00,8,
09/13/2022 20:05,8.3,
09/13/2022 20:10,8.8,
09/13/2022 20:15,9.5,
09/13/2022 20:20,10.3,
09/13/2022 20:25,10.9,
09/13/2022 20:30,11.2,
09/13/2022 20:35,11.3,
09/13/2022 20:40,11.3,
09/13/2022 20:45,11.4,
09/13/2022 20:50,11.8,
09/13/2022 20:55,12.4,
09/13/2022 21:00,12.9,
09/13/2022 21:05,13.2,
09/13/2022 21:10,13.4,
09/13/2022 21:15,13.5,
09/13/2022 21:20,13.7,
09/13/2022 21:25,13.9,
09/13/2022 21:30,14,
09/13/2022 21:35,14,
09/13/2022 21:40,14,
09/13/2022 21:45,14.3,
09/13/2022 21:50,14.7,
09/13/2022 21:55,15.1,
09/13/2022 22:00,15.2,
09/13/2022 22:05,15.2,
09/13/2022 22:10,15.1,
09/13/2022 22:15,14.9,
09/13/2022 22:20,14.8,
09/13/2022 22:25,14.8,
09/13/2022 22:30,14.8,
09/13/2022 22:35,14.8,
09/13/2022 22:40,14.9,
09/13/2022 22:45,15,
09/13/2022 22:50,14.9,
09/13/2022 22:55,14.7,
09/13/2022 23:00,14.3,
09/13/2022 23:05,13.9,
09/13/2022 23:10,13.5,
09/13/2022 23:15,13.6,
09/13/2022 23:20,13.8,
09/13/2022 23:25,14.2,
09/13/2022 23:30,14.7,
09/13/2022 23:35,15.3,
09/13/2022 23:40,15.7,
09/13/2022 23:45,15.8,
09/13/2022 23:50,15.8,
09/13/2022 23:55,15.6,
09/14/2022 00:00,15.3,
09/14/2022 00:05,15,
09/14/2022 00:10,14.6,
09/14/2022 00:15,14.2,
09/14/2022 00:20,14,
09/14/2022 00:25,14,
09/14/2022 00:30,14.2,
09/14/2022 00:35,14.3,
09/14/2022 00:40,14.6,
09/14/2022 00:45,15.2,
09/14/2022 00:50,16.7,
09/14/2022 00:55,16.4,
09/14/2022 01:00,15.7,
09/14/2022 01:05,15.3,
09/14/2022 01:10,14.8,
09/14/2022 01:15,14.6,
09/14/2022 01:20,14.5,
09/14/2022 01:25,14.5,
09/14/2022 01:30,14.6,
09/14/2022 01:35,14.7,
09/14/2022 01:40,14.8,
09/14/2022 01:45,14.9,
09/14/2022 01:50,14.8,
09/14/2022 01:55,14.6,
09/14/2022 02:00,14.5,
09/14/2022 02:05,14.5,
09/14/2022 02:10,14.6,
09/14/2022 02:15,14.6,
09/14/2022 02:20,14.5,
09/14/2022 02:25,14.3,
09/14/2022 02:30,14,
09/14/2022 02:35,13.8,
09/14/2022 02:40,13.7,
09/14/2022 02:45,13.7,
09/14/2022 02:50,13.8,
09/14/2022 02:55,13.8,
09/14/2022 03:00,13.7,
09/14/2022 03:05,13.8,
09/14/2022 03:10,13.9,
09/14/2022 03:15,14,
09/14/2022 03:20,13.9,
09/14/2022 03:25,13.8,
09/14/2022 03:30,13.5,
09/14/2022 03:35,13.3,
09/14/2022 03:40,14,
09/14/2022 03:45,14.1,
09/14/2022 03:50,13.8,
09/14/2022 03:55,13.6,
09/14/2022 04:00,13.4,
09/14/2022 04:05,13.2,
09/14/2022 04:10,12.9,
09/14/2022 04:15,12.8,
09/14/2022 04:20,12.7,
09/14/2022 04:25,12.6,
09/14/2022 04:30,12.5,
09/14/2022 04:35,12.5,
09/14/2022 04:40,12.4,
09/14/2022 04:45,12.3,
09/14/2022 04:50,12.2,
09/14/2022 04:55,12.3,
09/14/2022 05:00,12.4,
09/14/2022 05:05,12.5,
09/14/2022 05:10,12.7,
09/14/2022 05:15,12.8,
09/14/2022 05:20,12.8,
09/14/2022 05:25,12.6,
09/14/2022 05:30,12.4,
09/14/2022 05:35,12.4,
09/14/2022 05:40,12.4,
09/14/2022 05:45,12.2,
09/14/2022 05:50,12.2,
09/14/2022 05:55,12,
09/14/2022 06:00,11.9,
09/14/2022 06:05,11.9,
09/14/2022 06:10,11.8,
09/14/2022 06:15,11.9,
09/14/2022 06:20,12,
09/14/2022 06:25,12.2,
09/14/2022 06:30,12.4,
09/14/2022 06:35,12.7,
09/14/2022 06:40,12.9,
09/14/2022 06:45,12.9,
09/14/2022 06:50,12.7,
09/14/2022 06:55,12.5,
09/14/2022 07:00,12.2,
09/14/2022 07:05,11.9,
09/14/2022 07:10,11.7,
09/14/2022 07:15,11.4,
09/14/2022 07:20,11.2,
09/14/2022 07:25,11.2,
09/14/2022 07:30,11.2,
09/14/2022 07:35,10.8,
09/14/2022 07:40,10.4,
09/14/2022 07:45,10.2,
09/14/2022 07:50,9.9,
09/14/2022 07:55,9.8,
09/14/2022 08:00,9.5,
09/14/2022 08:05,9,
09/14/2022 08:10,9,
09/14/2022 08:15,8.9,
09/14/2022 08:20,8.8,
09/14/2022 08:25,8.7,
09/14/2022 08:30,8.2,
09/14/2022 08:35,7.7,
09/14/2022 08:40,7.3,
09/14/2022 08:45,6.9,
09/14/2022 08:50,6.4,
09/14/2022 08:55,6,
09/14/2022 09:00,5.9,
09/14/2022 09:05,6.2,
09/14/2022 09:10,6.8,
09/14/2022 09:15,7.7,
09/14/2022 09:20,8.3,
09/14/2022 09:25,8.6,
09/14/2022 09:30,8.9,
09/14/2022 09:35,9.3,
09/14/2022 09:40,9.7,
09/14/2022 09:45,10.3,
09/14/2022 09:50,10.9,
09/14/2022 09:55,11.1,
09/14/2022 10:00,11.9,
09/14/2022 10:05,12.3,
09/14/2022 10:10,12.8,
09/14/2022 10:15,13.1,
09/14/2022 10:20,13.3,
09/14/2022 10:25,13.3,
09/14/2022 10:35,13,
09/14/2022 10:40,12.8,
09/14/2022 10:45,12.8,
09/14/2022 10:50,12.8,
09/14/2022 10:55,12.8,
09/14/2022 11:00,12.6,
09/14/2022 11:05,12.2,
09/14/2022 11:10,11.9,
09/14/2022 11:15,11.5,
09/14/2022 11:20,11.3,
09/14/2022 11:25,11.2,
09/14/2022 11:30,10.9,
09/14/2022 11:35,10.4,
09/14/2022 11:40,9.5,
09/14/2022 11:45,8.9,
09/14/2022 11:50,8.3,
09/14/2022 11:55,7.8,
09/14/2022 12:00,7.4,
09/14/2022 12:05,6.9,
09/14/2022 12:10,6.2,
09/14/2022 12:15,6.2,
09/14/2022 12:20,6.2,
09/14/2022 12:25,6.6,
09/14/2022 12:30,6.6,
09/14/2022 12:35,6.9,
09/14/2022 12:40,7.2,
09/14/2022 12:45,7,
09/14/2022 12:50,6.6,
09/14/2022 12:55,5.8,
09/14/2022 12:55,6.3,
09/14/2022 13:00,5.4,
09/14/2022 13:05,4.9,
09/14/2022 13:10,4.4,
09/14/2022 13:15,4.1,
09/14/2022 13:20,4,
09/14/2022 13:25,4.4,
09/14/2022 13:30,4.9,
09/14/2022 13:35,5.3,
09/14/2022 13:40,5.8,
09/14/2022 13:45,6.1,
09/14/2022 13:50,6.2,
09/14/2022 13:55,6.5,
09/14/2022 14:00,6.6,
09/14/2022 14:05,6.7,
09/14/2022 14:10,6.7,
09/14/2022 14:15,6.7,
09/14/2022 14:20,7,
09/14/2022 14:25,7.5,
09/14/2022 14:30,7.9,
09/14/2022 14:35,8.3,
09/14/2022 14:40,8.6,
09/14/2022 14:45,9,
09/14/2022 14:50,9.5,
09/14/2022 14:55,10.1,
09/14/2022 15:00,10.5,
09/14/2022 15:05,11,
09/14/2022 15:10,11.5,
09/14/2022 15:15,12.1,
09/14/2022 15:20,12.7,
09/14/2022 15:25,13.1,
09/14/2022 15:30,13.5,
09/14/2022 15:35,14.1,
09/14/2022 15:40,14.7,
09/14/2022 15:45,15.3,
09/14/2022 15:50,15.8,
09/14/2022 15:55,16,
09/14/2022 16:00,16.5,
09/14/2022 16:05,17,
09/14/2022 16:10,17.4,
09/14/2022 16:15,17.5,
09/14/2022 16:20,17.8,
09/14/2022 16:25,18.3,
09/14/2022 16:30,18.8,
09/14/2022 16:35,19.5,
09/14/2022 16:40,20,
09/14/2022 16:45,20,
09/14/2022 16:50,19.7,
09/14/2022 16:55,19.4,
09/14/2022 17:00,18.9,
09/14/2022 17:05,18.7,
09/14/2022 17:10,18.4,
09/14/2022 17:15,17.4,
09/14/2022 17:20,17.1,
09/14/2022 17:25,17.1,
09/14/2022 17:30,17,
09/14/2022 17:35,16.9,
09/14/2022 17:40,16.5,
09/14/2022 17:45,16,
09/14/2022 17:50,15.7,
09/14/2022 17:55,15.4,
09/14/2022 18:00,15,
09/14/2022 18:05,14.5,
09/14/2022 18:10,14,
09/14/2022 18:15,13.1,
09/14/2022 18:20,12.1,
09/14/2022 18:25,11.2,
09/14/2022 18:30,10.4,
09/14/2022 18:35,8.8,
09/14/2022 18:40,8.3,
09/14/2022 18:45,7.7,
09/14/2022 18:50,7.6,
09/14/2022 18:55,7.7,
09/14/2022 19:00,8.1,
09/14/2022 19:05,8.7,
09/14/2022 19:10,9.5,
09/14/2022 19:15,10,
09/14/2022 19:20,10.5,
09/14/2022 19:25,11,
09/14/2022 19:30,13.7,
09/14/2022 19:35,13.3,
09/14/2022 19:40,12.3,
09/14/2022 19:45,12.5,
09/14/2022 19:50,12.5,
09/14/2022 19:55,12.4,
09/14/2022 20:25,12.2,
09/14/2022 20:30,12.2,
09/14/2022 20:35,12.1,
09/14/2022 20:40,12.2,
09/14/2022 20:45,12.4,
09/14/2022 20:50,12.9,
09/14/2022 20:55,13.1,
09/14/2022 21:00,12.8,
09/14/2022 21:05,12.4,
09/14/2022 21:10,11.9,
09/14/2022 21:15,11.8,
09/14/2022 21:20,11.7,
09/14/2022 21:25,11.3,
09/14/2022 21:30,10.7,
09/14/2022 21:35,10.5,
09/14/2022 21:40,10.3,
09/14/2022 21:45,10.7,
09/14/2022 21:50,11.1,
09/14/2022 21:55,11.5,
09/14/2022 22:00,11.9,
09/14/2022 22:05,12.3,
09/14/2022 22:10,12.6,
09/14/2022 22:15,13,
09/14/2022 22:20,13.5,
09/14/2022 22:25,13.9,
09/14/2022 22:30,14.2,
09/14/2022 22:35,14.7,
09/14/2022 22:40,15,
09/14/2022 22:45,15.3,
09/14/2022 22:50,15.7,
09/14/2022 22:55,15.7,
09/14/2022 23:00,15.3,
09/14/2022 23:05,14.9,
09/14/2022 23:10,14.5,
09/14/2022 23:15,14.1,
09/14/2022 23:20,13.8,
09/14/2022 23:25,13.7,
09/14/2022 23:30,13.8,
09/14/2022 23:35,14,
09/14/2022 23:40,14.2,
09/14/2022 23:45,14.3,
09/14/2022 23:50,14.3,
09/14/2022 23:55,14.2,
09/15/2022 00:00,13.9,
09/15/2022 00:05,13.6,
09/15/2022 00:10,13.3,
09/15/2022 00:15,13.2,
